# Blender 3.3.0
# www.blender.org
mtllib freeHand.mtl
o A3DW_StylizedMale_BaseMesh_eyebrows.001
v 0.742943 14.178933 0.071991
v 0.705190 14.148150 0.035403
v 0.704178 14.138106 0.004396
v 0.777713 14.194946 0.068018
v 0.806737 14.196186 0.043904
v 0.819475 14.184159 0.004791
v 0.815785 14.164855 -0.031230
v 0.798253 14.141395 -0.057812
v 0.767519 14.129395 -0.061049
v 0.739688 14.130492 -0.047475
v 0.720720 14.131180 -0.025133
v 0.761829 14.084879 0.004243
v 0.779101 14.082745 -0.015816
v 0.802823 14.080521 -0.031096
v 0.830059 14.088039 -0.031469
v 0.842135 14.105131 -0.002526
v 0.840401 14.119301 0.032995
v 0.829832 14.134129 0.066340
v 0.806084 14.135153 0.091569
v 0.774682 14.124475 0.086780
v 0.741917 14.099116 0.056937
v 0.744429 14.092276 0.030754
v 0.857643 14.066881 0.054631
v 0.846171 14.075327 0.090534
v 0.858855 14.054111 0.018299
v 0.849074 14.040995 -0.008963
v 0.825584 14.077259 0.110061
v 0.789406 14.075572 0.107520
v 0.761280 14.042368 0.082924
v 0.769827 14.035805 0.063035
v 0.789769 14.026657 0.032039
v 0.805710 14.031248 0.005603
v 0.827475 14.032861 -0.008063
v 0.910449 13.839885 0.131420
v 0.917675 13.890876 0.138154
v 0.918564 13.886756 0.119897
v 0.909407 13.896740 0.157173
v 0.873340 13.706770 0.166669
v 0.871623 13.707712 0.180488
v 0.868320 13.713949 0.193874
v 0.901107 13.916320 0.181163
v 0.898837 13.860561 0.187647
v 0.907003 13.902587 0.165593
v 0.883112 13.923292 0.192445
v 0.876038 13.754278 0.236936
v 0.871605 13.759412 0.250362
v 0.863194 13.769176 0.257648
v 0.924897 13.872478 0.088053
v 0.920284 13.869315 0.069485
v 0.922924 13.877254 0.109088
v 0.870591 13.790823 0.023092
v 0.884224 13.830904 0.017348
v 0.899178 13.877282 0.013713
v 0.911572 13.873327 0.054616
v 0.844988 13.722804 0.032618
v 0.850116 13.721492 0.056519
v 0.852166 13.711633 0.107938
v 0.852494 13.712345 0.120424
v 0.851152 13.716682 0.132544
v 0.779406 14.010768 0.192082
v 0.805355 13.964559 0.209829
v 0.813903 14.008773 0.188885
v 0.751339 13.999013 0.182916
v 0.800401 13.889600 0.247401
v 0.786614 13.888124 0.250844
v 0.772310 13.888457 0.247802
v 0.779051 14.050013 0.145305
v 0.821946 14.033375 0.153096
v 0.749103 14.036645 0.136755
v 0.880545 13.898061 0.203713
v 0.896070 13.889900 0.194700
v 0.902358 13.880499 0.177588
v 0.872322 13.834411 0.232280
v 0.883927 13.827072 0.222419
v 0.891970 13.819583 0.206540
v 0.766202 13.915836 0.231942
v 0.785084 13.917885 0.235814
v 0.804054 13.917384 0.231173
v 0.756556 13.978151 0.193324
v 0.780383 13.986170 0.202073
v 0.808929 13.986822 0.199159
v 0.857515 13.895952 0.171233
v 0.856510 13.875615 0.196987
v 0.856582 13.907874 0.181829
v 0.865667 13.885592 0.162540
v 0.845359 13.774877 0.242396
v 0.848607 13.770727 0.227555
v 0.860104 13.764240 0.220738
v 0.871115 13.819220 0.194957
v 0.855432 13.824618 0.202293
v 0.851353 13.831352 0.215983
v 0.866972 13.879803 0.165267
v 0.859607 13.888147 0.174596
v 0.857608 13.895265 0.188300
v 0.864653 13.899166 0.198750
v 0.865609 13.917658 0.192076
v 0.859599 13.835480 0.227935
v 0.853418 13.774857 0.254366
v 0.892732 13.884935 0.161003
v 0.892267 13.875952 0.165856
v 0.891166 13.856244 0.175997
v 0.886911 13.816987 0.196688
v 0.871695 13.755025 0.227398
v 0.865671 13.754220 0.248911
v 0.869415 13.750094 0.239412
v 0.863223 13.750087 0.233221
v 0.856425 13.755656 0.227841
v 0.849895 13.758643 0.236060
v 0.847579 13.763446 0.246385
v 0.853920 13.762719 0.253246
v 0.861054 13.761513 0.256031
v 0.856699 13.754091 0.243451
v 0.875950 13.782823 0.241096
v 0.881182 13.775747 0.226818
v 0.876855 13.773620 0.218021
v 0.863255 13.776193 0.214851
v 0.850170 13.782362 0.221385
v 0.846813 13.789263 0.235442
v 0.853945 13.792210 0.246457
v 0.865580 13.789677 0.250727
v 0.856015 13.948183 0.179502
v 0.875017 13.953468 0.178711
v 0.842080 13.941013 0.167643
v 0.846474 13.977055 0.173287
v 0.860655 13.985598 0.167097
v 0.832987 13.968320 0.169836
v 0.801866 13.886189 0.238688
v 0.786387 13.882088 0.241311
v 0.770328 13.884164 0.238828
v 0.799151 13.886492 0.225276
v 0.786726 13.883969 0.223422
v 0.773609 13.884043 0.225477
v 0.760839 13.911185 0.220463
v 0.770723 13.906377 0.204982
v 0.752446 13.967499 0.179093
v 0.766049 13.956986 0.164374
v 0.746035 13.983578 0.167096
v 0.761783 13.967452 0.153713
v 0.788766 13.906231 0.198135
v 0.789779 13.955670 0.161525
v 0.789041 13.961643 0.154896
v 0.805119 13.910101 0.205114
v 0.810295 13.964668 0.170706
v 0.812291 13.968505 0.165269
v 0.810887 13.914645 0.219770
v 0.814700 13.961264 0.197342
v 0.819750 13.976581 0.187477
v 0.741374 14.011217 0.121525
v 0.758526 13.972338 0.122923
v 0.789150 13.953021 0.132556
v 0.819453 13.953347 0.147074
v 0.826602 13.988881 0.179108
v 0.845528 14.009916 0.161596
v 0.837599 14.001637 0.173420
v 0.817664 14.020707 0.176997
v 0.777820 14.030586 0.178152
v 0.747034 14.017695 0.167397
v 0.740213 13.996600 0.149866
v 0.758206 13.972921 0.139932
v 0.789343 13.959856 0.145249
v 0.819050 13.964006 0.158652
v 0.840956 13.928228 0.153663
v 0.820156 13.944669 0.132827
v 0.796015 13.949921 0.106714
v 0.870793 13.875998 0.133056
v 0.870277 13.850425 0.156133
v 0.871272 13.880609 0.148776
v 0.879869 13.873219 0.117211
v 0.848687 13.723577 0.184222
v 0.848464 13.721192 0.171977
v 0.852943 13.720112 0.160750
v 0.876815 13.863535 0.090763
v 0.881816 13.866550 0.105172
v 0.880556 13.859696 0.074362
v 0.834249 13.728395 0.127105
v 0.831385 13.726311 0.115285
v 0.833819 13.723716 0.104289
v 0.865910 13.868848 0.037482
v 0.860817 13.838412 0.038857
v 0.868477 13.872756 0.021208
v 0.877221 13.861189 0.060132
v 0.875316 13.834255 0.057614
v 0.862059 13.797464 0.059280
v 0.837217 13.734478 0.060356
v 0.830910 13.733530 0.036533
v 0.843120 13.723451 0.060922
v 0.838888 13.722125 0.047361
v 0.837313 13.724224 0.033386
v 0.858867 13.795044 0.019498
v 0.871026 13.834570 0.015216
v 0.880062 13.877076 0.009871
v 0.899717 13.859543 0.064304
v 0.843270 13.713461 0.104188
v 0.899617 13.855263 0.066002
v 0.840976 13.713249 0.117800
v 0.842192 13.719232 0.132444
v 0.899944 13.865133 0.114059
v 0.833813 13.746367 0.112484
v 0.838694 13.745820 0.126668
v 0.848464 13.737180 0.135491
v 0.857118 13.730895 0.133509
v 0.860330 13.726570 0.119722
v 0.857210 13.722517 0.103598
v 0.847918 13.723779 0.096837
v 0.836662 13.737108 0.099766
v 0.834844 13.749158 0.032045
v 0.841040 13.747628 0.060227
v 0.852770 13.743416 0.063470
v 0.859204 13.740147 0.056967
v 0.851975 13.742961 0.027898
v 0.843028 13.746223 0.025993
v 0.874356 13.853205 0.092307
v 0.881199 13.856262 0.107047
v 0.898220 13.855133 0.115994
v 0.912945 13.854214 0.111141
v 0.916682 13.849244 0.094106
v 0.912305 13.846208 0.075610
v 0.897895 13.842420 0.069150
v 0.879902 13.847944 0.075884
v 0.891467 13.885405 0.159791
v 0.858851 13.715571 0.192660
v 0.863817 13.709080 0.162355
v 0.899065 13.838638 0.123390
v 0.895715 13.871552 0.115266
v 0.896367 13.801538 0.161809
v 0.897685 13.797076 0.141896
v 0.887458 13.796045 0.134475
v 0.870303 13.797782 0.138275
v 0.859985 13.800999 0.151452
v 0.862543 13.804293 0.167100
v 0.875137 13.806347 0.178174
v 0.887106 13.805771 0.177939
v 0.912961 13.868015 0.146083
v 0.915002 13.863099 0.125476
v 0.901150 13.860052 0.118106
v 0.881102 13.864508 0.120730
v 0.870179 13.867553 0.134750
v 0.872399 13.870640 0.150942
v 0.888265 13.872604 0.163485
v 0.902265 13.873131 0.163745
v 0.875317 13.720367 0.181358
v 0.875865 13.718788 0.162292
v 0.869532 13.726270 0.152345
v 0.857328 13.738493 0.152737
v 0.848441 13.743623 0.164635
v 0.849468 13.743225 0.180231
v 0.860465 13.736008 0.194138
v 0.870403 13.728731 0.195196
v 0.859651 13.707588 0.177700
v 0.889503 13.907483 0.009573
v 0.869755 13.901022 0.002498
v 0.852056 13.894375 0.015877
v 0.818377 13.944535 0.098277
v 0.827450 13.942629 0.060514
v 0.835349 13.914760 0.031106
v 0.803813 13.956151 0.085817
v 0.816670 13.958004 0.058153
v 0.812733 13.948862 0.027928
v 0.839135 13.915212 0.008796
v 0.859259 13.926416 -0.003748
v 0.913597 13.913289 0.060007
v 0.917403 13.923078 0.093726
v 0.908242 13.941371 0.142432
v 0.893108 13.953217 0.165679
v 0.876444 13.950208 0.004127
v 0.889455 13.975006 0.042278
v 0.893472 13.986583 0.077874
v 0.887356 13.993836 0.120655
v 0.877014 13.988309 0.151489
v 0.857622 14.021243 0.141011
v 0.829634 14.050769 0.130158
v 0.874059 14.020205 0.110852
v 0.883720 14.008526 0.072528
v 0.882165 13.995231 0.036947
v 0.867821 13.976559 0.001456
v 0.845999 13.965329 -0.009001
v 0.819466 13.952031 0.004237
v 0.780714 14.058760 0.124248
v 0.749377 14.023697 0.100668
v 0.768898 13.972137 0.098354
v 0.780588 13.981915 0.076671
v 0.797309 13.993925 0.054099
v 0.869490 14.041475 0.063181
v 0.868952 14.029643 0.029524
v 0.856555 14.015722 0.000748
v 0.830947 14.008838 -0.006930
v 0.806586 13.999314 0.005321
v 0.795959 13.993155 0.030011
v 0.769486 14.013992 0.073747
v 0.789495 14.014412 0.048870
v 0.858460 14.050292 0.098401
v 0.819414 14.105714 0.104255
v 0.840378 14.100563 0.079530
v 0.848318 14.091062 0.045314
v 0.851504 14.078490 0.008877
v 0.841937 14.063071 -0.020330
v 0.816829 14.056714 -0.017965
v 0.794242 14.057139 -0.001963
v 0.776741 14.058409 0.018878
v 0.758280 14.067144 0.044274
v 0.752791 14.074186 0.068747
v 0.784783 14.098150 0.096655
v 0.908592 13.845287 0.152657
v 0.897631 13.850339 0.169096
v 0.892693 13.869277 0.204710
v 0.878671 13.877907 0.213507
v 0.881776 13.790170 0.054289
v 0.897716 13.828253 0.053087
v 0.858775 13.868610 0.182777
v 0.870805 13.860387 0.174465
v 0.863626 13.878955 0.208031
v 0.867061 13.846665 0.140585
v 0.878447 13.842316 0.127358
v 0.861395 13.837775 0.023901
v 0.847949 13.800283 0.042495
v 0.848490 13.798983 0.027418
v 0.875403 13.793257 0.061710
v 0.889942 13.830664 0.060670
v 0.884100 13.851377 0.168276
v 0.881420 13.753269 0.174588
v 0.904015 13.822328 0.157985
v 0.904785 13.817045 0.137008
v 0.883430 13.748914 0.155568
v 0.873545 13.757114 0.189039
v 0.893420 13.827099 0.173989
v 0.889804 13.850637 0.213718
v 0.896182 13.841610 0.196881
v 0.876670 13.858333 0.222524
v 0.887309 13.798411 0.216141
v 0.881036 13.805800 0.230924
v 0.869386 13.813480 0.241178
v 0.900646 13.807030 0.103276
v 0.876061 13.762087 0.112191
v 0.873792 13.759838 0.094061
v 0.897945 13.804298 0.085201
v 0.872318 13.767434 0.126706
v 0.894659 13.811296 0.118366
v 0.860059 13.763824 0.025626
v 0.878625 13.811309 0.019849
v 0.868832 13.761332 0.055650
v 0.890717 13.809047 0.053640
v 0.858688 13.849572 0.191534
v 0.855422 13.856647 0.205515
v 0.872363 13.842376 0.183198
v 0.849814 13.814284 0.224116
v 0.853860 13.808270 0.209884
v 0.868420 13.801590 0.203374
v 0.862595 13.859919 0.216903
v 0.856828 13.816309 0.236172
v 0.889660 13.838568 0.185440
v 0.882898 13.797447 0.206385
v 0.865405 13.821589 0.147968
v 0.867623 13.825131 0.162717
v 0.874720 13.817676 0.133950
v 0.853227 13.755550 0.178412
v 0.850472 13.752583 0.163149
v 0.859334 13.749327 0.150282
v 0.863624 13.813798 0.098550
v 0.870030 13.815228 0.113298
v 0.869211 13.809952 0.083746
v 0.852355 13.774430 0.120688
v 0.846457 13.772753 0.105657
v 0.851600 13.767795 0.092216
v 0.855361 13.817880 0.040598
v 0.855620 13.817654 0.025814
v 0.869396 13.814698 0.058144
v 0.849443 13.768004 0.059850
v 0.838852 13.771002 0.045410
v 0.840980 13.770231 0.029463
v 0.849796 13.767231 0.022970
v 0.865828 13.814833 0.017109
v 0.862370 13.763896 0.062573
v 0.883155 13.811077 0.061161
v 0.864961 13.761693 0.087256
v 0.885973 13.805395 0.077812
v 0.863177 13.771591 0.129984
v 0.882778 13.814394 0.122591
v 0.880226 13.827435 0.173491
v 0.864727 13.757432 0.189249
v 0.875042 13.747435 0.147029
v 0.893626 13.815579 0.129359
v 0.781315 13.963519 0.213154
v 0.760633 13.958664 0.205493
v 0.756910 13.952225 0.191099
v 0.768953 13.946373 0.175076
v 0.790171 13.946786 0.169948
v 0.807980 13.954131 0.179783
v 0.782887 13.941473 0.224018
v 0.803916 13.941406 0.220012
v 0.763585 13.939230 0.218268
v 0.759389 13.935016 0.204564
v 0.770590 13.929283 0.189227
v 0.789857 13.929080 0.183347
v 0.806086 13.933891 0.192148
v 0.812061 13.938541 0.208299
v 0.804400 13.899325 0.241812
v 0.786637 13.899486 0.247070
v 0.768068 13.898389 0.243130
v 0.762191 13.894866 0.231751
v 0.770405 13.892882 0.215134
v 0.787605 13.894607 0.206642
v 0.803825 13.896669 0.213814
v 0.810277 13.897780 0.229845
v 0.792092 14.162133 0.077012
v 0.818072 14.162857 0.055261
v 0.830451 14.150316 0.019302
v 0.829443 14.135308 -0.014929
v 0.815197 14.112790 -0.042936
v 0.788906 14.105273 -0.046234
v 0.762264 14.106780 -0.031111
v 0.745188 14.109493 -0.009793
v 0.729099 14.116437 0.018078
v 0.726744 14.127098 0.044686
v 0.759551 14.150572 0.078547
v 0.852836 13.893895 0.033799
v 0.853452 13.891908 0.050931
v 0.854692 13.898106 0.078388
v 0.851492 13.909558 0.119106
v 0.848014 13.913544 0.130640
v 0.716840 14.158788 0.056174
v 0.751616 14.109435 0.074067
v 0.736868 14.134156 0.063781
v 0.764929 14.060642 0.097943
v 0.760777 14.084742 0.085690
v 0.755172 14.044367 0.114959
v 0.844215 13.918768 0.142918
v 0.853899 13.906277 0.105831
v 0.855042 13.902569 0.092939
v 0.854998 13.892178 0.066960
v 0.861887 13.932364 0.185040
v 0.879360 13.938096 0.186653
v 0.852171 13.919822 0.176510
v 0.851697 13.906832 0.165395
v 0.894043 13.888531 0.012483
v 0.876109 13.885144 0.008439
v 0.863701 13.881618 0.019308
v 0.901587 13.933629 0.177057
v 0.862104 13.878149 0.037059
v 0.853666 13.898407 0.154446
v 0.855334 13.893034 0.140867
v 0.858930 13.889972 0.128304
v 0.861998 13.885699 0.112841
v 0.863170 13.881909 0.100484
v 0.863677 13.877925 0.086227
v 0.862824 13.874912 0.071445
v 0.862561 13.874903 0.054612
v 0.833636 13.934468 0.127069
v 0.829061 13.938916 0.102077
v 0.835888 13.933124 0.066584
v 0.841280 13.911092 0.047140
v 0.843632 13.923153 0.126328
v 0.842753 13.926867 0.109021
v 0.845545 13.923724 0.098472
v 0.846671 13.920712 0.082502
v 0.845609 13.916389 0.069993
v 0.846224 13.909133 0.060383
v 0.912122 13.922259 0.161766
v 0.917223 13.916732 0.148332
v 0.921011 13.909974 0.133571
v 0.924091 13.905272 0.116122
v 0.924527 13.901389 0.101675
v 0.923379 13.896661 0.082168
v 0.920800 13.892768 0.064658
v 0.917025 13.890309 0.048513
v 0.901956 13.946290 0.155846
v 0.913265 13.935383 0.127830
v 0.916652 13.928049 0.111385
v 0.916422 13.918000 0.076950
v 0.909905 13.911381 0.045081
v 0.903249 13.910802 0.026659
v 0.877519 13.789679 0.038167
v 0.910297 13.873965 0.034733
v 0.855682 13.741718 0.042401
v 0.895336 13.828288 0.033964
v 0.864722 13.762362 0.040526
v 0.887902 13.809228 0.035639
v 0.911340 13.888213 0.029874
v 0.830386 13.733364 0.049559
v 0.832627 13.749727 0.047973
v 0.838921 13.933038 0.094077
v 0.841531 13.928927 0.077645
v 0.892041 13.937864 0.021379
v 0.896088 13.959013 0.048530
v 0.899415 13.973433 0.082567
v 0.895993 13.975779 0.127455
v 0.902080 13.930995 0.039390
v 0.905370 13.936212 0.055342
v 0.909941 13.946246 0.088067
v 0.909668 13.950212 0.104872
v 0.891011 13.974199 0.143907
v 0.907582 13.953762 0.120844
v 0.908349 13.942002 0.072800
v 0.904762 13.952089 0.070907
v 0.904494 13.961098 0.085468
v 0.905968 13.960063 0.101794
v 0.902781 13.849670 0.033649
v 0.890888 13.852106 0.015653
v 0.875198 13.854263 0.012840
v 0.864567 13.854887 0.022534
v 0.863120 13.854215 0.038139
v 0.876639 13.850983 0.059098
v 0.894470 13.848803 0.061103
v 0.904577 13.848829 0.053119
v 0.886961 13.781821 0.108285
v 0.884732 13.779251 0.090243
v 0.874487 13.780761 0.083177
v 0.859686 13.786839 0.088415
v 0.854395 13.791732 0.102372
v 0.860803 13.793561 0.117188
v 0.872476 13.791612 0.126503
v 0.882684 13.787557 0.122856
v 0.906069 13.827605 0.079924
v 0.909213 13.829515 0.098436
v 0.903823 13.832663 0.114694
v 0.890885 13.835377 0.119189
v 0.876188 13.836531 0.110050
v 0.869664 13.835608 0.095077
v 0.875928 13.832456 0.078995
v 0.893659 13.828530 0.072419
v 0.864370 13.739170 0.099211
v 0.855455 13.740766 0.092431
v 0.843295 13.750484 0.096362
v 0.839314 13.757599 0.109404
v 0.844650 13.758148 0.124008
v 0.854871 13.752299 0.133071
v 0.863646 13.747084 0.130483
v 0.867068 13.742290 0.116326
v 0.889423 13.780001 0.166495
v 0.890963 13.775271 0.147231
v 0.881622 13.774543 0.139899
v 0.865907 13.776998 0.142920
v 0.855943 13.780894 0.155224
v 0.858204 13.784362 0.171157
v 0.870387 13.785842 0.182751
v 0.881486 13.784683 0.182616
v 0.871633 13.777213 0.039221
v 0.875966 13.776991 0.054738
v 0.869885 13.780393 0.061914
v 0.856873 13.785062 0.059388
v 0.844027 13.787339 0.043652
v 0.845330 13.785888 0.028206
v 0.855163 13.782776 0.020948
v 0.866061 13.778654 0.024229
v 0.847551 13.722149 0.044570
vn -0.6029 -0.6771 -0.4219
vn -0.6086 -0.6732 -0.4201
vn -0.6072 -0.6720 -0.4240
vn -0.6060 -0.6728 -0.4243
vn -0.4244 -0.6559 -0.6243
vn -0.4218 -0.6601 -0.6216
vn -0.4244 -0.6577 -0.6224
vn -0.4313 -0.6470 -0.6288
vn 0.1713 -0.3889 -0.9052
vn 0.1616 -0.3933 -0.9051
vn 0.1013 -0.4385 -0.8930
vn 0.0806 -0.3692 -0.9259
vn 0.8237 0.2740 -0.4964
vn 0.8708 0.1516 -0.4677
vn 0.8323 0.1899 -0.5208
vn 0.8287 0.1945 -0.5249
vn 0.9447 0.3080 -0.1126
vn 0.9476 0.2985 -0.1141
vn 0.9469 0.2993 -0.1178
vn 0.9464 0.3011 -0.1173
vn 0.9082 0.3920 0.1467
vn 0.9092 0.3893 0.1480
vn 0.9173 0.3702 0.1469
vn 0.9038 0.4039 0.1415
vn 0.5669 0.5461 0.6167
vn 0.5635 0.5395 0.6257
vn 0.5827 0.5379 0.6092
vn 0.5896 0.5462 0.5950
vn -0.7154 -0.6338 -0.2942
vn -0.7209 -0.6355 -0.2764
vn -0.7250 -0.6289 -0.2806
vn -0.7293 -0.6176 -0.2945
vn 0.9274 0.3362 0.1638
vn 0.9261 0.3471 0.1478
vn 0.9217 0.3508 0.1654
vn 0.9217 0.3502 0.1666
vn 0.9489 0.3136 -0.0345
vn 0.9545 0.2948 -0.0444
vn 0.9507 0.3062 -0.0494
vn 0.9504 0.3071 -0.0502
vn 0.9391 0.1537 -0.3075
vn 0.9397 0.0518 -0.3381
vn 0.9154 0.1125 -0.3865
vn 0.9145 0.1334 -0.3820
vn 0.7059 0.3682 0.6051
vn 0.7030 0.3449 0.6219
vn 0.7149 0.3431 0.6093
vn 0.6998 0.3717 0.6101
vn -0.7743 -0.5179 -0.3636
vn -0.7865 -0.4934 -0.3713
vn -0.7830 -0.4953 -0.3762
vn -0.7677 -0.5064 -0.3927
vn -0.6957 -0.4856 -0.5294
vn -0.6959 -0.4930 -0.5222
vn -0.7064 -0.4868 -0.5138
vn -0.6971 -0.4858 -0.5273
vn -0.4864 -0.4584 -0.7439
vn -0.4734 -0.4756 -0.7415
vn -0.4802 -0.4861 -0.7301
vn -0.4962 -0.4733 -0.7279
vn 0.0320 -0.4844 -0.8743
vn 0.0297 -0.3504 -0.9361
vn 0.0619 -0.4043 -0.9125
vn 0.0700 -0.4273 -0.9014
vn 0.9587 -0.2455 0.1436
vn 0.9644 -0.2234 0.1412
vn 0.9799 -0.1203 0.1591
vn 0.9242 -0.3381 0.1778
vn 0.8487 -0.2615 0.4597
vn 0.8984 0.0271 0.4384
vn 0.8602 -0.1220 0.4952
vn 0.8618 -0.1266 0.4912
vn 0.9058 -0.3921 0.1607
vn 0.9652 -0.2523 0.0696
vn 0.9770 -0.2114 0.0268
vn 0.9816 -0.1733 0.0805
vn 0.8837 -0.2266 0.4096
vn 0.8663 -0.3865 0.3165
vn 0.9083 -0.2194 0.3563
vn 0.8999 -0.1606 0.4054
vn 0.6006 0.2904 0.7450
vn 0.6070 0.2823 0.7429
vn 0.6191 0.2190 0.7542
vn 0.6382 0.2655 0.7227
vn 0.9088 0.0063 0.4172
vn 0.9100 0.0220 0.4141
vn 0.9061 0.1132 0.4076
vn 0.8850 -0.0776 0.4591
vn 0.7134 0.1314 0.6883
vn 0.7483 0.1575 0.6444
vn 0.7038 0.1864 0.6855
vn 0.7011 0.1844 0.6888
vn 0.9359 -0.0551 0.3479
vn 0.9865 -0.0490 0.1565
vn 0.9435 0.1713 0.2837
vn 0.9104 -0.1371 0.3905
vn 0.7219 0.1371 0.6783
vn 0.7344 0.0593 0.6761
vn 0.8550 0.0623 0.5148
vn 0.7088 0.3251 0.6260
vn 0.8618 -0.5051 -0.0455
vn 0.8758 -0.4805 -0.0452
vn 0.9088 -0.4165 -0.0234
vn 0.8760 -0.4811 0.0332
vn 0.8193 -0.4443 0.3624
vn 0.8639 -0.4057 0.2984
vn 0.8421 -0.3725 0.3901
vn 0.8395 -0.3780 0.3902
vn 0.8818 -0.4704 -0.0343
vn 0.8956 -0.4250 -0.1318
vn 0.9250 -0.3781 -0.0370
vn 0.8510 -0.5252 0.0008
vn 0.8548 -0.4222 0.3018
vn 0.8327 -0.4893 0.2594
vn 0.8821 -0.4172 0.2186
vn 0.8917 -0.3210 0.3191
vn 0.0703 0.3310 0.9410
vn 0.0967 0.4198 0.9024
vn 0.0928 0.4388 0.8938
vn 0.0633 0.5104 0.8576
vn -0.4259 0.3989 0.8121
vn -0.4262 0.3944 0.8141
vn -0.3681 0.3353 0.8672
vn -0.3259 0.4232 0.8454
vn 0.2586 0.3347 0.9062
vn 0.2788 0.3790 0.8824
vn 0.2311 0.4051 0.8846
vn 0.1652 0.2413 0.9563
vn -0.2255 0.3024 0.9261
vn -0.1165 0.2381 0.9642
vn -0.1561 0.3405 0.9272
vn -0.2239 0.3722 0.9007
vn 0.2722 0.8341 0.4798
vn 0.2209 0.8853 0.4093
vn 0.2210 0.8192 0.5292
vn 0.2380 0.8110 0.5344
vn 0.9438 0.0148 0.3301
vn 0.9400 0.0778 0.3323
vn 0.9006 0.0592 0.4306
vn 0.9410 0.0064 0.3385
vn 0.5863 0.2798 0.7603
vn 0.5833 0.2745 0.7644
vn 0.6003 0.2168 0.7698
vn 0.6378 0.2768 0.7187
vn 0.8637 0.0096 0.5040
vn 0.8736 0.0046 0.4866
vn 0.9073 -0.0451 0.4180
vn 0.9122 -0.0337 0.4083
vn 0.6512 0.1583 0.7422
vn 0.6424 0.1504 0.7515
vn 0.6541 0.1149 0.7477
vn 0.6918 0.1457 0.7073
vn 0.1611 0.5054 0.8477
vn 0.1938 0.3626 0.9116
vn 0.1992 0.4275 0.8818
vn 0.1983 0.4382 0.8768
vn -0.2704 0.4397 0.8565
vn -0.2725 0.4352 0.8581
vn -0.2328 0.3810 0.8948
vn -0.1851 0.4470 0.8752
vn 0.0737 0.3205 0.9444
vn 0.0981 0.3890 0.9160
vn 0.1075 0.3937 0.9129
vn -0.0127 0.3939 0.9191
vn -0.4207 0.3335 0.8437
vn -0.4178 0.3230 0.8492
vn -0.3755 0.2786 0.8840
vn -0.3403 0.3833 0.8587
vn -0.9823 -0.1853 0.0266
vn -0.9921 -0.1226 0.0275
vn -0.9873 -0.1580 -0.0161
vn -0.9823 -0.1874 -0.0079
vn -0.7693 -0.3087 -0.5593
vn -0.7478 -0.3365 -0.5723
vn -0.8233 -0.2990 -0.4825
vn -0.7923 -0.2657 -0.5492
vn -0.9676 -0.0344 -0.2500
vn -0.9655 -0.0233 -0.2594
vn -0.9591 -0.0167 -0.2827
vn -0.9645 -0.0456 -0.2602
vn -0.5020 -0.3269 -0.8007
vn -0.5100 -0.3117 -0.8017
vn -0.4882 -0.3124 -0.8149
vn -0.4927 -0.3323 -0.8043
vn -0.9770 -0.0000 -0.2134
vn -0.9782 0.0090 -0.2076
vn -0.9720 0.0221 -0.2340
vn -0.9767 -0.0212 -0.2136
vn -0.5633 -0.2924 -0.7728
vn -0.5692 -0.2843 -0.7714
vn -0.5860 -0.2483 -0.7714
vn -0.5607 -0.2688 -0.7832
vn -0.9599 0.0225 -0.2795
vn -0.9654 0.0033 -0.2607
vn -0.9667 0.0260 -0.2547
vn -0.9623 0.0416 -0.2689
vn -0.5356 -0.3107 -0.7853
vn -0.5439 -0.3251 -0.7736
vn -0.5504 -0.3140 -0.7736
vn -0.5569 -0.3045 -0.7727
vn -0.9923 -0.0448 -0.1157
vn -0.9894 -0.0114 -0.1446
vn -0.9867 0.0035 -0.1626
vn -0.9899 -0.0286 -0.1388
vn -0.2144 0.4435 0.8703
vn -0.2468 0.3488 0.9041
vn -0.1947 0.3882 0.9008
vn -0.1944 0.3865 0.9016
vn -0.8175 0.1995 0.5402
vn -0.8350 0.2273 0.5011
vn -0.8351 0.2148 0.5064
vn -0.8337 0.2118 0.5099
vn -0.3231 0.4061 0.8548
vn -0.2614 0.4260 0.8661
vn -0.2617 0.4281 0.8650
vn -0.2603 0.4631 0.8472
vn -0.8458 0.2557 0.4682
vn -0.8359 0.2605 0.4832
vn -0.8313 0.2718 0.4848
vn -0.8445 0.2569 0.4699
vn -0.2900 0.4593 0.8396
vn -0.3142 0.4057 0.8583
vn -0.2808 0.4147 0.8656
vn -0.2821 0.4141 0.8654
vn -0.8347 0.3147 0.4519
vn -0.8368 0.3148 0.4479
vn -0.8216 0.3183 0.4730
vn -0.8328 0.3249 0.4482
vn -0.2604 0.4116 0.8734
vn -0.2597 0.4106 0.8741
vn -0.2529 0.4647 0.8486
vn -0.3099 0.3953 0.8647
vn -0.8310 0.3072 0.4637
vn -0.8228 0.3177 0.4712
vn -0.8372 0.3047 0.4541
vn -0.8376 0.3047 0.4533
vn -0.2627 0.4667 0.8445
vn -0.3049 0.4106 0.8593
vn -0.2495 0.4000 0.8819
vn -0.2568 0.3994 0.8801
vn -0.8418 0.3034 0.4465
vn -0.8408 0.2992 0.4511
vn -0.8386 0.2793 0.4676
vn -0.8375 0.3209 0.4422
vn 0.8047 -0.3433 -0.4843
vn 0.8080 -0.3413 -0.4803
vn 0.7866 -0.4424 -0.4307
vn 0.7716 -0.3329 -0.5421
vn 0.8645 -0.3214 -0.3865
vn 0.8647 -0.3226 -0.3849
vn 0.8459 -0.4027 -0.3497
vn 0.8763 -0.2284 -0.4241
vn 0.8149 -0.3754 -0.4415
vn 0.8329 -0.3288 -0.4452
vn 0.8664 -0.3525 -0.3536
vn 0.8671 -0.3512 -0.3532
vn 0.8417 -0.3963 -0.3668
vn 0.7902 -0.4147 -0.4512
vn 0.7438 -0.3412 -0.5747
vn 0.8774 -0.2859 -0.3853
vn 0.0952 -0.4376 -0.8941
vn 0.1059 -0.4444 -0.8896
vn 0.0928 -0.4384 -0.8940
vn 0.0901 -0.4354 -0.8957
vn 0.0455 -0.4458 -0.8940
vn 0.0484 -0.4456 -0.8939
vn 0.0491 -0.4302 -0.9014
vn 0.0572 -0.4498 -0.8913
vn 0.0283 -0.4487 -0.8932
vn 0.0256 -0.4612 -0.8869
vn 0.0234 -0.4586 -0.8883
vn 0.0214 -0.4580 -0.8887
vn 0.0050 -0.5106 -0.8598
vn -0.0372 -0.4407 -0.8969
vn -0.0374 -0.4433 -0.8956
vn -0.0015 -0.4095 -0.9123
vn -0.3573 -0.7391 0.5710
vn -0.3600 -0.7546 0.5486
vn -0.3334 -0.7725 0.5405
vn -0.3376 -0.7546 0.5626
vn 0.5651 -0.6680 0.4841
vn 0.4435 -0.6104 0.6563
vn 0.4315 -0.8178 0.3807
vn 0.5676 -0.6866 0.4544
vn 0.3880 -0.8847 -0.2585
vn 0.4001 -0.9000 -0.1731
vn 0.1659 -0.9537 -0.2509
vn 0.3719 -0.8731 -0.3151
vn -0.0272 -0.6807 -0.7320
vn -0.0366 -0.6931 -0.7199
vn -0.0610 -0.6390 -0.7668
vn -0.0305 -0.6533 -0.7565
vn -0.6643 -0.3853 -0.6405
vn -0.6891 -0.3872 -0.6126
vn -0.7215 -0.3842 -0.5760
vn -0.6982 -0.3523 -0.6232
vn -0.9719 -0.1731 -0.1594
vn -0.9614 -0.2240 -0.1597
vn -0.9654 -0.2294 -0.1243
vn -0.9714 -0.1683 -0.1676
vn -0.7908 0.0092 0.6120
vn -0.8192 -0.0164 0.5732
vn -0.7885 -0.0395 0.6138
vn -0.7618 -0.0123 0.6477
vn -0.3696 -0.0716 0.9264
vn -0.5593 -0.0599 0.8268
vn -0.3132 -0.1421 0.9390
vn -0.3445 -0.1027 0.9332
vn 0.3712 -0.4039 0.8361
vn 0.1901 -0.3438 0.9196
vn 0.3246 -0.5971 0.7335
vn 0.3798 -0.4383 0.8146
vn -0.6324 -0.7087 0.3127
vn -0.6463 -0.7027 0.2976
vn -0.6123 -0.7417 0.2739
vn -0.6328 -0.6848 0.3614
vn -0.2209 -0.9404 0.2587
vn -0.2057 -0.9381 0.2785
vn -0.2335 -0.9252 0.2992
vn -0.2289 -0.9302 0.2870
vn -0.5627 -0.8251 -0.0514
vn -0.5696 -0.8173 -0.0872
vn -0.5475 -0.8331 -0.0785
vn -0.5128 -0.8578 -0.0361
vn 0.8826 -0.0042 0.4701
vn 0.8768 -0.0423 0.4791
vn 0.9223 -0.0514 0.3831
vn 0.9230 -0.0491 0.3816
vn 0.7152 0.1586 0.6807
vn 0.7142 0.1457 0.6846
vn 0.7061 0.0955 0.7016
vn 0.7679 0.1469 0.6235
vn -0.9604 0.0022 -0.2787
vn -0.9611 -0.0070 -0.2762
vn -0.9690 0.0060 -0.2470
vn -0.9662 0.0213 -0.2571
vn -0.5040 -0.2746 -0.8189
vn -0.5054 -0.2869 -0.8138
vn -0.5150 -0.2898 -0.8067
vn -0.5143 -0.2718 -0.8134
vn -0.1546 0.4394 0.8849
vn -0.1949 0.5520 0.8107
vn -0.2575 0.3557 0.8984
vn -0.1789 0.3775 0.9086
vn -0.8020 0.2873 0.5236
vn -0.8122 0.3219 0.4865
vn -0.8193 0.2819 0.4993
vn -0.8026 0.2901 0.5212
vn 0.8580 -0.3860 -0.3387
vn 0.8571 -0.3878 -0.3390
vn 0.8125 -0.4765 -0.3358
vn 0.8757 -0.2970 -0.3807
vn 0.1158 -0.4712 -0.8744
vn 0.1467 -0.4448 -0.8835
vn 0.1557 -0.4521 -0.8782
vn 0.1238 -0.4732 -0.8722
vn 0.2745 -0.8696 0.4105
vn 0.2575 -0.8490 0.4614
vn 0.2452 -0.8568 0.4537
vn 0.2071 -0.8669 0.4534
vn -0.1441 -0.8604 0.4889
vn -0.1618 -0.8535 0.4953
vn -0.2040 -0.8605 0.4669
vn -0.1517 -0.8791 0.4520
vn 0.2180 -0.9733 -0.0716
vn 0.2262 -0.9704 -0.0845
vn 0.2276 -0.9700 -0.0861
vn 0.2339 -0.9699 -0.0681
vn -0.0734 -0.9952 -0.0643
vn -0.0592 -0.9964 -0.0601
vn -0.0757 -0.9962 -0.0423
vn -0.0876 -0.9946 -0.0558
vn -0.9287 0.2430 0.2802
vn -0.9385 0.1416 0.3150
vn -0.9098 0.1721 0.3778
vn -0.9043 0.2166 0.3678
vn -0.9437 0.1836 0.2751
vn -0.9632 0.0644 0.2611
vn -0.9406 0.1162 0.3190
vn -0.9431 0.1087 0.3143
vn -0.8643 -0.3123 -0.3943
vn -0.8585 -0.2913 -0.4219
vn -0.8486 -0.3301 -0.4135
vn -0.8543 -0.3348 -0.3977
vn -0.8257 -0.3311 -0.4567
vn -0.8253 -0.3323 -0.4567
vn -0.8296 -0.3351 -0.4467
vn -0.8367 -0.3227 -0.4425
vn -0.9568 -0.0405 0.2880
vn -0.9575 -0.0376 0.2861
vn -0.9721 0.0430 0.2306
vn -0.9656 -0.1179 0.2319
vn -0.7688 -0.5285 -0.3599
vn -0.7687 -0.5320 -0.3551
vn -0.7705 -0.5564 -0.3110
vn -0.7752 -0.5260 -0.3499
vn -0.9351 -0.1382 0.3265
vn -0.9287 -0.0727 0.3636
vn -0.9299 -0.0726 0.3606
vn -0.9585 -0.0159 0.2846
vn -0.7783 -0.5595 -0.2852
vn -0.7823 -0.5573 -0.2781
vn -0.7824 -0.5789 -0.2298
vn -0.8103 -0.5215 -0.2675
vn -0.3170 -0.5628 -0.7634
vn -0.3163 -0.5537 -0.7703
vn -0.3039 -0.5373 -0.7867
vn -0.2952 -0.5617 -0.7729
vn -0.2724 -0.5170 -0.8115
vn -0.2749 -0.5336 -0.7998
vn -0.2805 -0.5325 -0.7986
vn -0.2900 -0.5229 -0.8016
vn -0.1510 -0.7250 -0.6720
vn -0.1498 -0.7019 -0.6963
vn -0.1371 -0.6968 -0.7040
vn -0.0880 -0.7203 -0.6881
vn -0.1438 -0.7743 -0.6163
vn -0.1553 -0.7248 -0.6712
vn -0.1162 -0.7024 -0.7022
vn -0.0732 -0.7590 -0.6469
vn 0.4084 -0.5405 -0.7356
vn 0.4178 -0.5376 -0.7324
vn 0.4259 -0.5453 -0.7220
vn 0.4108 -0.5471 -0.7293
vn 0.4890 -0.4525 -0.7457
vn 0.4871 -0.4643 -0.7396
vn 0.4796 -0.4718 -0.7399
vn 0.4789 -0.4597 -0.7479
vn 0.5159 -0.6137 -0.5976
vn 0.5369 -0.5875 -0.6055
vn 0.5506 -0.5795 -0.6008
vn 0.5711 -0.5885 -0.5723
vn 0.3733 -0.7375 -0.5628
vn 0.4789 -0.6842 -0.5501
vn 0.5004 -0.6763 -0.5406
vn 0.5330 -0.6955 -0.4819
vn 0.8634 -0.2662 0.4286
vn 0.9198 -0.3041 0.2481
vn 0.9061 -0.2680 0.3274
vn 0.8827 -0.2617 0.3904
vn 0.9204 -0.2309 -0.3156
vn 0.9158 -0.2450 -0.3181
vn 0.9152 -0.2570 -0.3103
vn 0.9136 -0.2483 -0.3221
vn 0.8393 0.2184 0.4980
vn 0.8425 0.2146 0.4941
vn 0.8806 0.1961 0.4313
vn 0.8811 0.2272 0.4148
vn 0.9366 -0.1882 -0.2954
vn 0.9373 -0.1954 -0.2886
vn 0.9345 -0.1947 -0.2981
vn 0.9371 -0.1897 -0.2929
vn 0.8491 0.1498 0.5066
vn 0.7971 0.1382 0.5877
vn 0.7954 0.1357 0.5906
vn 0.8509 0.0735 0.5202
vn 0.8938 -0.4169 -0.1649
vn 0.8899 -0.4067 -0.2066
vn 0.8983 -0.3895 -0.2034
vn 0.9003 -0.3866 -0.2000
vn -0.8984 -0.4087 -0.1606
vn -0.8774 -0.4478 -0.1723
vn -0.8584 -0.4830 -0.1726
vn -0.8967 -0.4281 -0.1123
vn -0.5329 -0.8085 0.2497
vn -0.4934 -0.8518 0.1760
vn -0.4878 -0.8625 0.1345
vn -0.4479 -0.8579 0.2518
vn -0.2243 -0.7823 0.5810
vn -0.2140 -0.8324 0.5112
vn -0.1689 -0.7945 0.5833
vn -0.1686 -0.7744 0.6098
vn 0.8765 -0.4772 -0.0643
vn 0.8442 -0.5279 -0.0935
vn 0.8597 -0.5054 -0.0744
vn 0.8050 -0.5932 0.0109
vn 0.7662 0.2003 0.6106
vn 0.7387 0.1087 0.6653
vn 0.7406 0.1055 0.6636
vn 0.7724 0.0408 0.6339
vn 0.5441 0.2177 0.8103
vn 0.5559 0.1394 0.8195
vn 0.6187 0.2775 0.7350
vn 0.5783 0.2146 0.7871
vn 0.1453 0.6190 0.7718
vn 0.0625 0.6306 0.7736
vn 0.0491 0.6208 0.7824
vn 0.1608 0.5811 0.7978
vn -0.4164 0.4651 0.7812
vn -0.4041 0.5418 0.7369
vn -0.4584 0.4958 0.7376
vn -0.4942 0.4663 0.7337
vn -0.9492 0.0305 0.3131
vn -0.9656 0.0537 0.2545
vn -0.9518 -0.0396 0.3043
vn -0.9380 0.0497 0.3430
vn -0.8239 -0.5550 -0.1148
vn -0.7864 -0.6070 -0.1146
vn -0.7890 -0.5992 -0.1358
vn -0.7822 -0.6211 -0.0492
vn -0.3342 -0.9361 -0.1094
vn -0.3435 -0.9303 -0.1287
vn -0.2789 -0.9452 -0.1698
vn -0.2351 -0.9677 -0.0914
vn -0.0514 -0.9350 0.3508
vn 0.0917 -0.9537 0.2866
vn 0.0580 -0.9483 0.3121
vn 0.0286 -0.9151 0.4021
vn 0.5334 0.6181 0.5775
vn 0.5714 0.5980 0.5621
vn 0.6330 0.5703 0.5236
vn 0.5400 0.6504 0.5342
vn 0.4301 0.2924 0.8541
vn 0.4115 0.3054 0.8587
vn 0.4547 0.2896 0.8423
vn 0.4822 0.2977 0.8240
vn 0.1221 -0.1382 0.9828
vn 0.2263 -0.0938 0.9695
vn 0.1475 -0.0976 0.9842
vn 0.2051 -0.1327 0.9697
vn -0.2254 -0.5579 0.7987
vn -0.1946 -0.5380 0.8202
vn -0.1023 -0.5034 0.8580
vn -0.2049 -0.5439 0.8137
vn -0.9877 0.1121 0.1088
vn -0.9750 0.1458 0.1677
vn -0.9733 0.1790 0.1435
vn -0.9799 0.1633 0.1141
vn -0.7699 -0.0641 -0.6349
vn -0.7706 -0.1100 -0.6278
vn -0.8025 -0.0890 -0.5900
vn -0.7890 -0.0555 -0.6119
vn -0.9713 0.2080 0.1153
vn -0.9683 0.2226 0.1130
vn -0.9726 0.2142 0.0908
vn -0.9728 0.2037 0.1105
vn -0.8021 0.0080 -0.5971
vn -0.8032 0.0230 -0.5953
vn -0.7907 0.0083 -0.6121
vn -0.7999 0.0061 -0.6000
vn -0.9973 0.0284 0.0684
vn -0.9962 0.0502 0.0714
vn -0.9996 0.0273 0.0067
vn -0.9998 0.0060 0.0202
vn -0.8734 -0.1134 -0.4736
vn -0.8859 -0.0856 -0.4560
vn -0.8841 -0.0653 -0.4627
vn -0.8645 -0.0604 -0.4990
vn -0.8858 0.2797 0.3703
vn -0.8850 0.2903 0.3641
vn -0.8910 0.2905 0.3488
vn -0.9020 0.2593 0.3452
vn -0.9195 0.1682 -0.3553
vn -0.9118 0.1892 -0.3644
vn -0.9085 0.1750 -0.3793
vn -0.9102 0.1617 -0.3812
vn -0.8541 0.4243 0.3008
vn -0.8572 0.4159 0.3038
vn -0.8551 0.4203 0.3036
vn -0.8528 0.4257 0.3025
vn -0.8567 0.2808 -0.4326
vn -0.8582 0.2812 -0.4294
vn -0.8677 0.2809 -0.4102
vn -0.8573 0.3016 -0.4171
vn -0.9443 0.1857 0.2719
vn -0.9293 0.2133 0.3015
vn -0.9521 0.1919 0.2381
vn -0.9463 0.1926 0.2597
vn -0.9591 0.0874 -0.2692
vn -0.9665 0.0961 -0.2382
vn -0.9648 0.1063 -0.2406
vn -0.9517 0.1290 -0.2786
vn -0.5749 0.1362 -0.8068
vn -0.5900 0.1215 -0.7982
vn -0.5951 0.1358 -0.7921
vn -0.5949 0.1422 -0.7911
vn -0.1626 0.1204 0.9793
vn -0.1635 0.1164 0.9796
vn -0.1067 0.0721 0.9917
vn -0.0960 0.1454 0.9847
vn -0.4446 -0.3054 -0.8421
vn -0.4596 -0.2677 -0.8468
vn -0.4411 -0.2797 -0.8528
vn -0.4350 -0.2652 -0.8605
vn 0.5118 -0.3979 -0.7614
vn 0.4995 -0.4167 -0.7595
vn 0.4314 -0.4309 -0.7926
vn 0.5258 -0.3421 -0.7788
vn 0.4862 -0.4135 -0.7698
vn 0.4472 -0.4812 -0.7539
vn 0.4337 -0.3689 -0.8221
vn 0.4856 -0.4161 -0.7688
vn -0.3322 -0.0228 -0.9429
vn -0.3524 -0.0512 -0.9345
vn -0.3514 -0.0313 -0.9357
vn -0.3519 -0.0303 -0.9356
vn -0.3708 -0.0953 -0.9238
vn -0.3689 -0.0973 -0.9243
vn -0.3534 -0.0871 -0.9314
vn -0.3658 -0.1188 -0.9231
vn -0.1292 -0.9915 0.0125
vn -0.1342 -0.9909 0.0093
vn -0.1594 -0.9823 0.0982
vn -0.2240 -0.9734 -0.0478
vn -0.7526 -0.6538 -0.0781
vn -0.7720 -0.6293 -0.0896
vn -0.7716 -0.6301 -0.0870
vn -0.7504 -0.6504 -0.1179
vn -0.7797 -0.5517 0.2963
vn -0.7740 -0.5568 0.3014
vn -0.7984 -0.5271 0.2910
vn -0.8201 -0.4957 0.2859
vn -0.2514 -0.8658 0.4327
vn -0.2723 -0.9060 0.3241
vn -0.1703 -0.9192 0.3550
vn -0.2029 -0.9115 0.3579
vn -0.5546 0.1008 0.8260
vn -0.5531 0.0960 0.8275
vn -0.5450 0.1384 0.8270
vn -0.5272 0.1316 0.8395
vn 0.2868 0.1328 0.9487
vn 0.2008 0.0184 0.9795
vn 0.2844 0.0467 0.9576
vn 0.2863 0.0527 0.9567
vn -0.5404 0.3788 0.7513
vn -0.5359 0.3781 0.7549
vn -0.5377 0.3798 0.7528
vn -0.5408 0.3794 0.7507
vn 0.2689 0.0059 0.9632
vn 0.3391 0.0057 0.9407
vn 0.3394 0.0057 0.9406
vn 0.3760 0.0797 0.9232
vn 0.3243 0.0244 0.9457
vn 0.3227 0.0256 0.9462
vn 0.2814 0.0579 0.9578
vn 0.2321 -0.0227 0.9724
vn 0.9235 -0.3837 0.0050
vn 0.8848 -0.4652 -0.0262
vn 0.9038 -0.4216 -0.0738
vn 0.9105 -0.4052 -0.0823
vn 0.8999 -0.2993 0.3172
vn 0.8920 -0.3104 0.3286
vn 0.8846 -0.3851 0.2631
vn 0.9239 -0.3015 0.2356
vn -0.8261 0.4840 0.2887
vn -0.8334 0.4703 0.2901
vn -0.8283 0.4734 0.2997
vn -0.8253 0.4757 0.3042
vn -0.8472 0.3176 -0.4259
vn -0.8539 0.3035 -0.4227
vn -0.8698 0.3123 -0.3820
vn -0.8451 0.3318 -0.4193
vn -0.3275 -0.0841 -0.9411
vn -0.3540 -0.1203 -0.9275
vn -0.3504 -0.0770 -0.9334
vn -0.3403 -0.0609 -0.9383
vn 0.2630 -0.5360 -0.8022
vn 0.3377 -0.5671 -0.7512
vn 0.3549 -0.5761 -0.7363
vn 0.2707 -0.5566 -0.7855
vn -0.4683 0.3612 0.8064
vn -0.4679 0.3572 0.8084
vn -0.4631 0.3526 0.8131
vn -0.4548 0.3573 0.8158
vn 0.0398 -0.1409 0.9892
vn 0.0428 -0.1073 0.9933
vn 0.0386 -0.0602 0.9974
vn -0.0417 -0.1232 0.9915
vn -0.6568 0.0578 -0.7518
vn -0.6559 0.0559 -0.7528
vn -0.6659 0.0560 -0.7439
vn -0.6643 0.0576 -0.7452
vn -0.1588 -0.0265 0.9870
vn -0.1677 -0.0282 0.9854
vn -0.1034 -0.0614 0.9927
vn -0.1046 0.0105 0.9945
vn 0.9216 -0.3623 -0.1394
vn 0.9209 -0.3617 -0.1454
vn 0.9467 -0.2968 -0.1252
vn 0.9358 -0.3469 -0.0625
vn 0.8798 -0.3928 0.2676
vn 0.9202 -0.2591 0.2936
vn 0.9012 -0.2941 0.3183
vn 0.8982 -0.3003 0.3209
vn 0.4633 -0.3398 -0.8184
vn 0.4612 -0.3378 -0.8205
vn 0.4363 -0.4135 -0.7991
vn 0.4140 -0.3085 -0.8564
vn -0.4431 0.2515 0.8604
vn -0.4539 0.2873 0.8435
vn -0.4610 0.2765 0.8433
vn -0.4713 0.2736 0.8385
vn -0.6383 0.2636 0.7232
vn -0.6014 0.2411 0.7617
vn -0.6231 0.2883 0.7271
vn -0.6310 0.2708 0.7269
vn 0.0330 0.2172 0.9756
vn -0.1303 0.2234 0.9660
vn -0.1006 0.1825 0.9781
vn -0.6531 0.3080 0.6918
vn -0.6527 0.3057 0.6932
vn -0.6528 0.2970 0.6969
vn -0.6508 0.3162 0.6902
vn -0.3297 -0.0465 0.9429
vn -0.1287 -0.0786 0.9886
vn -0.1439 -0.0545 0.9881
vn -0.1510 -0.0310 0.9881
vn -0.6758 0.2951 0.6754
vn -0.6749 0.2941 0.6768
vn -0.6613 0.2852 0.6938
vn -0.6500 0.3088 0.6944
vn 0.7062 -0.3018 -0.6405
vn 0.6839 -0.3277 -0.6519
vn 0.6248 -0.4273 -0.6535
vn 0.7098 -0.1374 -0.6909
vn -0.2892 -0.3448 -0.8930
vn -0.3135 -0.3836 -0.8686
vn -0.3158 -0.3622 -0.8770
vn -0.2785 -0.3379 -0.8990
vn 0.5628 -0.3755 -0.7364
vn 0.5648 -0.3746 -0.7354
vn 0.4714 -0.4181 -0.7765
vn 0.5194 -0.2902 -0.8037
vn -0.2180 -0.2015 -0.9549
vn -0.2208 -0.2006 -0.9545
vn -0.2051 -0.1929 -0.9595
vn -0.2181 -0.2043 -0.9543
vn -0.1847 -0.2255 -0.9566
vn -0.1845 -0.2725 -0.9443
vn -0.2206 -0.2275 -0.9485
vn -0.2017 -0.2372 -0.9503
vn 0.9566 -0.2195 0.1917
vn 0.9011 -0.3922 0.1851
vn 0.9390 -0.3220 0.1205
vn 0.9440 -0.3067 0.1214
vn 0.8125 -0.1669 0.5586
vn 0.8117 -0.1706 0.5586
vn 0.8056 -0.2613 0.5316
vn 0.8492 -0.0540 0.5254
vn -0.9621 0.2596 0.0838
vn -0.9634 0.2550 0.0821
vn -0.9593 0.2604 0.1092
vn -0.9585 0.2680 0.0973
vn -0.7934 0.0836 -0.6029
vn -0.7994 0.0621 -0.5975
vn -0.8069 0.0780 -0.5856
vn -0.8002 0.0860 -0.5935
vn -0.1205 0.2079 0.9707
vn -0.0969 0.1702 0.9806
vn -0.0034 0.2016 0.9795
vn -0.0031 0.1997 0.9798
vn -0.6778 0.2850 0.6778
vn -0.6683 0.3092 0.6766
vn -0.6803 0.2887 0.6736
vn -0.6805 0.2872 0.6742
vn 0.5545 -0.3731 -0.7439
vn 0.5728 -0.3291 -0.7507
vn 0.6460 -0.3652 -0.6703
vn 0.6471 -0.3672 -0.6681
vn -0.2334 -0.1601 -0.9591
vn -0.2386 -0.1783 -0.9546
vn -0.2392 -0.1673 -0.9564
vn -0.2401 -0.1646 -0.9567
vn 0.9808 -0.1477 0.1273
vn 0.9882 -0.0508 0.1446
vn 0.9660 -0.1321 0.2221
vn 0.9794 -0.1554 0.1286
vn 0.8363 -0.1733 0.5202
vn 0.8549 0.0738 0.5135
vn 0.8365 -0.0225 0.5475
vn 0.8403 -0.0253 0.5416
vn -0.0339 0.2308 0.9724
vn -0.1378 0.2386 0.9613
vn -0.1714 0.1762 0.9693
vn -0.0341 0.2291 0.9728
vn 0.4561 -0.2454 -0.8554
vn 0.5341 -0.2800 -0.7977
vn 0.5356 -0.2773 -0.7976
vn 0.5149 -0.3730 -0.7719
vn 0.9492 -0.1491 0.2773
vn 0.9542 -0.2107 0.2124
vn 0.9775 -0.1943 0.0822
vn 0.9810 -0.1798 0.0734
vn 0.9007 -0.0229 0.4338
vn 0.9004 -0.0598 0.4310
vn 0.9553 -0.0836 0.2835
vn 0.9688 -0.0504 0.2426
vn -0.9520 0.2980 0.0704
vn -0.9633 0.2538 0.0870
vn -0.9554 0.2742 0.1096
vn -0.9500 0.2986 0.0909
vn -0.7899 0.0383 -0.6121
vn -0.8050 0.0315 -0.5924
vn -0.8133 0.0394 -0.5805
vn -0.8031 0.0756 -0.5910
vn 0.0082 0.3891 0.9212
vn 0.0202 0.0490 0.9986
vn 0.0411 0.2105 0.9767
vn 0.0510 0.2298 0.9719
vn -0.6819 0.0606 0.7289
vn -0.6886 0.1237 0.7146
vn -0.6672 0.1233 0.7346
vn -0.6933 0.0843 0.7157
vn 0.3453 -0.4719 -0.8112
vn 0.3962 -0.4845 -0.7799
vn 0.4033 -0.5210 -0.7523
vn 0.2769 -0.3983 -0.8745
vn -0.1897 -0.1932 -0.9627
vn -0.2093 -0.1955 -0.9581
vn -0.2172 -0.1844 -0.9586
vn -0.2215 -0.1772 -0.9589
vn -0.1134 -0.9933 0.0207
vn -0.1388 -0.9879 -0.0696
vn -0.0848 -0.9958 -0.0355
vn -0.0803 -0.9963 -0.0322
vn -0.1729 -0.8944 0.4125
vn -0.1337 -0.8938 0.4281
vn -0.1426 -0.8909 0.4312
vn -0.1763 -0.8644 0.4709
vn -0.7374 -0.6344 0.2319
vn -0.7407 -0.6285 0.2373
vn -0.7615 -0.6102 0.2186
vn -0.7925 -0.5709 0.2145
vn -0.6767 -0.7043 -0.2145
vn -0.7070 -0.6566 -0.2628
vn -0.6899 -0.6848 -0.2347
vn -0.6669 -0.6983 -0.2601
vn 0.4169 0.6687 0.6156
vn 0.4180 0.6467 0.6380
vn 0.4345 0.6433 0.6304
vn 0.4436 0.6706 0.5946
vn -0.5711 -0.8135 -0.1099
vn -0.5759 -0.7974 -0.1801
vn -0.4978 -0.8487 -0.1787
vn -0.5393 -0.8357 -0.1033
vn -0.5160 -0.6863 -0.5125
vn -0.4697 -0.7179 -0.5139
vn -0.4983 -0.7189 -0.4847
vn -0.5396 -0.7008 -0.4666
vn -0.6461 -0.5235 -0.5554
vn -0.6261 -0.5614 -0.5411
vn -0.6252 -0.5788 -0.5236
vn -0.6631 -0.5532 -0.5042
vn 0.9269 0.3468 -0.1436
vn 0.9300 0.3364 -0.1482
vn 0.9282 0.3396 -0.1524
vn 0.9244 0.3451 -0.1627
vn 0.9249 0.3612 -0.1186
vn 0.9244 0.3640 -0.1139
vn 0.9234 0.3682 -0.1082
vn 0.9263 0.3583 -0.1167
vn 0.8682 0.1653 -0.4678
vn 0.8502 0.2271 -0.4750
vn 0.8461 0.2384 -0.4768
vn 0.8472 0.2569 -0.4650
vn 0.9163 0.1668 -0.3641
vn 0.9210 0.1661 -0.3525
vn 0.9008 0.1314 -0.4138
vn 0.8937 0.1424 -0.4255
vn 0.3581 0.1141 -0.9267
vn 0.2511 0.0975 -0.9630
vn 0.2912 0.1148 -0.9498
vn 0.3088 0.1199 -0.9436
vn 0.2006 -0.1202 -0.9723
vn 0.1928 -0.1698 -0.9664
vn 0.2112 -0.2489 -0.9452
vn 0.1732 -0.1116 -0.9786
vn -0.3998 -0.0944 -0.9117
vn -0.3984 -0.0964 -0.9121
vn -0.4134 -0.0874 -0.9063
vn -0.4121 -0.0595 -0.9092
vn -0.4799 -0.0506 -0.8759
vn -0.4812 -0.0642 -0.8742
vn -0.4780 -0.0377 -0.8775
vn -0.4829 -0.0826 -0.8718
vn -0.8813 -0.2759 -0.3836
vn -0.8845 -0.2862 -0.3684
vn -0.9020 -0.2690 -0.3378
vn -0.8907 -0.2594 -0.3732
vn -0.8927 -0.0770 -0.4441
vn -0.8841 -0.0772 -0.4609
vn -0.8776 -0.0656 -0.4748
vn -0.8705 -0.0421 -0.4904
vn -0.7574 -0.4242 -0.4964
vn -0.7988 -0.3482 -0.4907
vn -0.7757 -0.3811 -0.5031
vn -0.7773 -0.3872 -0.4958
vn -0.9726 -0.2259 -0.0543
vn -0.9554 -0.2820 -0.0878
vn -0.9600 -0.2688 -0.0785
vn -0.9679 -0.2492 -0.0323
vn -0.6943 -0.3327 -0.6381
vn -0.6890 -0.3519 -0.6336
vn -0.7080 -0.3816 -0.5943
vn -0.7118 -0.3564 -0.6052
vn -0.9045 -0.4068 0.1283
vn -0.8958 -0.4129 0.1645
vn -0.9015 -0.3952 0.1765
vn -0.9140 -0.3771 0.1494
vn 0.8839 0.4525 0.1182
vn 0.8804 0.4605 0.1134
vn 0.8750 0.4677 0.1253
vn 0.8810 0.4574 0.1209
vn 0.8679 0.4690 0.1635
vn 0.8699 0.4674 0.1577
vn 0.8687 0.4705 0.1545
vn 0.8683 0.4688 0.1620
vn 0.6258 0.6392 0.4470
vn 0.6291 0.6323 0.4522
vn 0.6367 0.6312 0.4429
vn 0.6228 0.6509 0.4340
vn 0.6314 0.4992 0.5934
vn 0.6321 0.5192 0.5753
vn 0.6241 0.5200 0.5832
vn 0.6308 0.5120 0.5830
vn 0.9324 0.3354 0.1349
vn 0.9326 0.3341 0.1364
vn 0.9365 0.3287 0.1225
vn 0.9336 0.3374 0.1208
vn 0.9569 0.2892 -0.0270
vn 0.9590 0.2814 -0.0330
vn 0.9582 0.2831 -0.0405
vn 0.9579 0.2841 -0.0412
vn 0.9199 0.1600 -0.3581
vn 0.8860 0.1697 -0.4316
vn 0.8810 0.1889 -0.4338
vn 0.9075 0.2151 -0.3608
vn 0.6726 0.4952 0.5499
vn 0.6855 0.4708 0.5553
vn 0.6866 0.4695 0.5551
vn 0.6838 0.4873 0.5430
vn -0.7264 -0.5992 -0.3366
vn -0.7384 -0.5899 -0.3268
vn -0.7411 -0.5849 -0.3296
vn -0.7233 -0.5962 -0.3484
vn -0.6223 -0.6203 -0.4775
vn -0.6226 -0.6210 -0.4761
vn -0.6291 -0.6173 -0.4725
vn -0.6237 -0.6183 -0.4782
vn -0.4645 -0.6126 -0.6395
vn -0.4622 -0.6203 -0.6337
vn -0.4736 -0.6194 -0.6261
vn -0.4766 -0.6155 -0.6277
vn -0.0174 -0.4215 -0.9066
vn 0.0357 -0.3329 -0.9423
vn 0.0534 -0.3837 -0.9219
vn 0.0747 -0.4004 -0.9133
vn 0.9157 0.0273 0.4008
vn 0.9444 0.0152 0.3283
vn 0.9456 0.0221 0.3244
vn 0.9493 0.1038 0.2969
vn 0.6261 0.2558 0.7366
vn 0.6281 0.2272 0.7442
vn 0.6578 0.2611 0.7065
vn 0.6300 0.2746 0.7264
vn -0.9805 -0.0651 -0.1856
vn -0.9847 -0.0465 -0.1678
vn -0.9851 -0.0325 -0.1690
vn -0.9795 -0.0567 -0.1931
vn -0.6470 -0.3480 -0.6784
vn -0.6752 -0.3685 -0.6390
vn -0.6496 -0.3433 -0.6783
vn -0.6369 -0.3449 -0.6895
vn -0.3263 0.4215 0.8461
vn -0.2890 0.4206 0.8600
vn -0.2895 0.4210 0.8596
vn -0.2975 0.4503 0.8418
vn -0.8474 0.2594 0.4634
vn -0.8435 0.2411 0.4800
vn -0.8448 0.2828 0.4542
vn -0.8462 0.2638 0.4631
vn 0.8495 -0.3111 -0.4261
vn 0.8262 -0.3793 -0.4166
vn 0.8037 -0.3292 -0.4957
vn 0.8507 -0.3121 -0.4229
vn -0.9840 0.1057 0.1433
vn -0.9797 0.1136 0.1650
vn -0.9792 0.1412 0.1456
vn -0.9810 0.1348 0.1395
vn -0.7972 -0.0974 -0.5958
vn -0.8152 -0.0885 -0.5723
vn -0.8061 -0.0637 -0.5884
vn -0.7952 -0.0776 -0.6013
vn -0.0559 0.1137 0.9919
vn -0.0371 0.2154 0.9758
vn -0.0385 0.2149 0.9759
vn -0.0620 0.3054 0.9502
vn -0.6510 0.2574 0.7141
vn -0.6384 0.2512 0.7276
vn -0.6420 0.2624 0.7204
vn -0.6529 0.2559 0.7129
vn 0.9765 -0.1901 0.1012
vn 0.9729 -0.1267 0.1934
vn 0.9549 -0.2062 0.2138
vn 0.9757 -0.1939 0.1020
vn 0.8780 -0.0187 0.4782
vn 0.8270 -0.0254 0.5616
vn 0.8262 -0.0409 0.5618
vn 0.8789 -0.0600 0.4732
vn -0.0062 -0.4544 -0.8908
vn -0.0041 -0.4512 -0.8924
vn 0.0294 -0.4863 -0.8733
vn -0.0083 -0.4547 -0.8906
vn -0.5791 0.0852 -0.8108
vn -0.5395 0.0914 -0.8370
vn -0.5786 0.0609 -0.8133
vn -0.5845 0.0846 -0.8070
vn -0.6379 0.1027 -0.7633
vn -0.6261 0.1112 -0.7718
vn -0.6382 0.0922 -0.7644
vn -0.6383 0.1034 -0.7628
vn -0.1081 0.1009 0.9890
vn -0.1582 0.0810 0.9841
vn -0.1616 0.0794 0.9837
vn -0.1313 0.0126 0.9913
vn -0.1418 0.1445 0.9793
vn -0.1884 0.0868 0.9783
vn -0.1885 0.0864 0.9783
vn -0.1548 0.0263 0.9876
vn 0.5484 -0.2314 -0.8036
vn 0.5656 -0.3252 -0.7579
vn 0.5660 -0.3270 -0.7568
vn 0.5099 -0.4171 -0.7523
vn -0.2380 -0.2062 -0.9491
vn -0.2225 -0.2025 -0.9537
vn -0.2226 -0.2229 -0.9491
vn -0.2361 -0.2050 -0.9499
vn 0.0494 0.3828 0.9225
vn 0.1469 0.4183 0.8963
vn 0.1438 0.4209 0.8957
vn 0.0622 0.4191 0.9058
vn -0.3548 0.4241 0.8333
vn -0.3377 0.3524 0.8728
vn -0.2852 0.4712 0.8346
vn -0.3573 0.4388 0.8245
vn -0.9654 0.0438 0.2572
vn -0.9763 0.0876 0.1979
vn -0.9854 -0.0011 0.1702
vn -0.9656 0.0391 0.2570
vn -0.7947 -0.4325 -0.4259
vn -0.7947 -0.4328 -0.4257
vn -0.7896 -0.4388 -0.4289
vn -0.7925 -0.4457 -0.4163
vn -0.2091 -0.6104 -0.7640
vn -0.2004 -0.6099 -0.7667
vn -0.1922 -0.6147 -0.7650
vn -0.2086 -0.6208 -0.7557
vn 0.5391 -0.4911 -0.6842
vn 0.5487 -0.4877 -0.6791
vn 0.5565 -0.4919 -0.6696
vn 0.5392 -0.5043 -0.6745
vn 0.8224 0.2483 0.5118
vn 0.8185 0.1789 0.5460
vn 0.8320 0.0847 0.5482
vn 0.9327 -0.2430 -0.2663
vn 0.9349 -0.2334 -0.2675
vn 0.9362 -0.2452 -0.2518
vn 0.9287 -0.2451 -0.2782
vn 0.1553 0.4828 0.8619
vn 0.2374 0.5073 0.8284
vn 0.2514 0.5287 0.8107
vn 0.0874 0.5292 0.8440
vn -0.2189 0.4985 0.8388
vn -0.2087 0.4338 0.8765
vn -0.0995 0.5624 0.8209
vn -0.2392 0.5190 0.8207
vn -0.8365 -0.2631 0.4807
vn -0.8520 -0.2693 0.4490
vn -0.8842 -0.2326 0.4051
vn -0.8696 -0.3534 0.3448
vn -0.7413 -0.6221 -0.2520
vn -0.7284 -0.6382 -0.2494
vn -0.7242 -0.6331 -0.2733
vn -0.7309 -0.6475 -0.2158
vn -0.1549 -0.8118 -0.5630
vn -0.1602 -0.7986 -0.5802
vn -0.1317 -0.8087 -0.5733
vn -0.1300 -0.8114 -0.5699
vn 0.2831 -0.7916 -0.5415
vn 0.3097 -0.7883 -0.5317
vn 0.2988 -0.7965 -0.5257
vn 0.2886 -0.8014 -0.5239
vn 0.8686 0.2425 0.4321
vn 0.8851 0.1628 0.4361
vn 0.8703 0.3638 0.3321
vn 0.8584 0.2981 0.4175
vn 0.7370 -0.6412 -0.2137
vn 0.7491 -0.6286 -0.2090
vn 0.7393 -0.6420 -0.2031
vn 0.7377 -0.6330 -0.2348
vn -0.5081 -0.7821 -0.3608
vn -0.5095 -0.7824 -0.3582
vn -0.5141 -0.7776 -0.3620
vn -0.5069 -0.7809 -0.3650
vn -0.3481 -0.7155 -0.6057
vn -0.3488 -0.7171 -0.6034
vn -0.3478 -0.7313 -0.5867
vn -0.3532 -0.7160 -0.6021
vn 0.2232 -0.3483 -0.9104
vn 0.2461 -0.3479 -0.9046
vn 0.2245 -0.3978 -0.8896
vn 0.1678 -0.3029 -0.9381
vn 0.8256 0.1873 -0.5322
vn 0.8375 0.1301 -0.5307
vn 0.8114 0.1179 -0.5726
vn 0.8093 0.1215 -0.5746
vn 0.9424 0.2734 -0.1930
vn 0.9427 0.2715 -0.1938
vn 0.9430 0.2696 -0.1950
vn 0.9417 0.2728 -0.1969
vn 0.9090 0.3738 0.1842
vn 0.9094 0.3728 0.1842
vn 0.9195 0.3573 0.1639
vn 0.9140 0.3728 0.1600
vn 0.5547 0.4545 0.6969
vn 0.5669 0.4135 0.7125
vn 0.5708 0.4274 0.7011
vn 0.5742 0.4386 0.6913
vn -0.5950 -0.7898 -0.1491
vn -0.6004 -0.7855 -0.1500
vn -0.6049 -0.7831 -0.1443
vn -0.6114 -0.7749 -0.1602
vn 0.9506 0.0950 0.2955
vn 0.9059 -0.0727 0.4172
vn 0.9376 -0.0080 0.3477
vn 0.9368 -0.0024 0.3498
vn -0.1031 -0.3816 -0.9185
vn -0.2719 -0.3912 -0.8792
vn -0.1794 -0.3270 -0.9278
vn -0.1447 -0.3313 -0.9324
vn -0.3515 -0.1751 -0.9197
vn -0.5018 -0.1174 -0.8570
vn -0.4026 -0.1318 -0.9058
vn -0.3846 -0.1277 -0.9142
vn -0.1634 0.2599 0.9517
vn -0.1518 0.2676 0.9515
vn -0.1937 0.2649 0.9446
vn -0.1770 0.2671 0.9473
vn -0.2389 0.2607 0.9354
vn -0.2348 0.2803 0.9308
vn -0.2554 0.2754 0.9268
vn -0.2649 0.2659 0.9269
vn -0.0088 0.2297 0.9732
vn -0.0273 0.2538 0.9669
vn -0.0246 0.2460 0.9690
vn -0.0262 0.2339 0.9719
vn -0.1383 0.3227 0.9363
vn -0.1464 0.3254 0.9342
vn -0.1650 0.3302 0.9294
vn -0.1654 0.3094 0.9365
vn -0.9760 0.1985 0.0902
vn -0.9673 0.2314 0.1035
vn -0.9632 0.2631 0.0549
vn -0.9694 0.2449 0.0185
vn 0.1383 0.8351 0.5324
vn 0.1601 0.7878 0.5948
vn 0.1959 0.8293 0.5233
vn 0.1118 0.8473 0.5192
vn 0.0393 0.6322 0.7738
vn 0.0663 0.6529 0.7546
vn -0.0326 0.6537 0.7561
vn -0.0483 0.6487 0.7595
vn -0.7091 -0.3976 0.5823
vn -0.7267 -0.4259 0.5390
vn -0.6803 -0.4650 0.5666
vn -0.6922 -0.4317 0.5784
vn -0.4377 -0.0847 0.8951
vn -0.4858 -0.0560 0.8723
vn -0.4904 -0.1057 0.8651
vn -0.4823 -0.1052 0.8697
vn -0.8619 -0.5025 0.0679
vn -0.8681 -0.4889 0.0860
vn -0.8809 -0.4646 0.0899
vn -0.8885 -0.4557 0.0543
vn -0.7958 -0.2638 0.5451
vn -0.7869 -0.2299 0.5726
vn -0.7997 -0.1974 0.5670
vn -0.8257 -0.2255 0.5170
vn -0.7289 -0.6575 0.1907
vn -0.7138 -0.6676 0.2117
vn -0.7165 -0.6592 0.2280
vn -0.7195 -0.6531 0.2360
vn -0.4837 0.0122 0.8752
vn -0.5228 0.0448 0.8513
vn -0.5292 0.0156 0.8483
vn -0.5091 -0.0096 0.8606
vn -0.8529 -0.0658 0.5179
vn -0.8706 -0.1089 0.4798
vn -0.8495 -0.1417 0.5082
vn -0.8390 -0.1235 0.5299
vn -0.4867 0.1608 0.8586
vn -0.5180 0.1906 0.8339
vn -0.5277 0.1700 0.8322
vn -0.5278 0.1457 0.8368
vn -0.7866 -0.3158 -0.5307
vn -0.8003 -0.3032 -0.5173
vn -0.8089 -0.2898 -0.5116
vn -0.7969 -0.2647 -0.5431
vn -0.8924 -0.4108 -0.1866
vn -0.9168 -0.3720 -0.1454
vn -0.9134 -0.3609 -0.1885
vn -0.8954 -0.3965 -0.2027
vn -0.9260 -0.0658 0.3717
vn -0.9120 -0.0469 0.4075
vn -0.9371 -0.0073 0.3489
vn -0.9314 -0.0154 0.3638
vn -0.8988 -0.4346 -0.0570
vn -0.8827 -0.4682 -0.0407
vn -0.8873 -0.4613 -0.0039
vn -0.9033 -0.4282 -0.0279
vn -0.4884 0.3020 0.8187
vn -0.4984 0.3072 0.8107
vn -0.5131 0.3187 0.7970
vn -0.5280 0.2886 0.7987
vn -0.8390 -0.3532 -0.4140
vn -0.8583 -0.3123 -0.4071
vn -0.8393 -0.2791 -0.4667
vn -0.8329 -0.3237 -0.4488
vn -0.8497 -0.0878 -0.5199
vn -0.8629 -0.0887 -0.4975
vn -0.8632 -0.0890 -0.4970
vn -0.8658 -0.0819 -0.4936
vn -0.5606 0.7244 0.4012
vn -0.5644 0.7306 0.3843
vn -0.5630 0.7635 0.3164
vn -0.6056 0.6674 0.4334
vn -0.5102 0.7400 0.4383
vn -0.4473 0.7569 0.4764
vn -0.4177 0.8036 0.4240
vn -0.4821 0.7815 0.3959
vn -0.4813 0.8436 0.2381
vn -0.4569 0.8624 0.2179
vn -0.5001 0.8453 0.1881
vn -0.5726 0.7863 0.2318
vn -0.9206 0.3470 -0.1791
vn -0.9282 0.3517 -0.1217
vn -0.9241 0.3575 -0.1348
vn -0.9188 0.3750 -0.1236
vn -0.9087 0.3687 -0.1960
vn -0.9115 0.3563 -0.2056
vn -0.9144 0.3578 -0.1895
vn -0.9088 0.3681 -0.1962
vn -0.8365 -0.4034 -0.3708
vn -0.8416 -0.4393 -0.3142
vn -0.8851 -0.2912 -0.3630
vn -0.8590 -0.3415 -0.3815
vn 0.0230 -0.4615 -0.8868
vn -0.0824 -0.4287 -0.8997
vn -0.0510 -0.4575 -0.8878
vn 0.0255 -0.4316 -0.9017
vn -0.6731 0.1348 0.7271
vn -0.5341 0.2592 0.8047
vn -0.5341 0.2953 0.7922
vn -0.5668 0.2623 0.7810
vn 0.0545 -0.9726 0.2261
vn 0.0146 -0.9459 0.3241
vn -0.0248 -0.9023 0.4305
vn 0.0309 -0.9680 0.2489
vn -0.9949 -0.0416 0.0919
vn -0.9776 0.0259 0.2087
vn -0.9943 0.0272 0.1027
vn -0.9990 0.0146 0.0411
vn -0.8197 -0.3078 -0.4831
vn -0.8449 -0.2544 -0.4706
vn -0.8445 -0.1551 -0.5127
vn -0.8146 -0.1721 -0.5539
vn -0.9104 0.0129 -0.4135
vn -0.9670 0.0352 -0.2524
vn -0.9507 0.1133 -0.2887
vn -0.9472 0.0992 -0.3049
vn -0.1520 -0.9196 -0.3622
vn -0.1125 -0.9589 -0.2606
vn -0.2419 -0.9559 -0.1667
vn -0.2010 -0.8791 -0.4322
vn 0.0018 0.3148 0.9492
vn 0.0768 0.2729 0.9590
vn 0.0457 0.3283 0.9435
vn 0.0935 0.3249 0.9411
vn -0.4048 -0.1221 0.9062
vn -0.4453 -0.0670 0.8929
vn -0.4475 -0.1045 0.8882
vn -0.4681 -0.1310 0.8739
vn -0.6371 -0.3930 0.6631
vn -0.6654 -0.3847 0.6397
vn -0.6661 -0.4254 0.6127
vn -0.5847 -0.4071 0.7017
vn -0.5694 -0.3490 -0.7443
vn -0.5164 -0.4227 -0.7448
vn -0.5163 -0.4331 -0.7388
vn -0.5772 -0.3388 -0.7430
vn -0.4329 -0.5325 -0.7273
vn -0.4364 -0.4909 -0.7540
vn -0.3997 -0.5414 -0.7396
vn -0.4376 -0.4975 -0.7490
vn 0.5024 0.2871 0.8156
vn 0.5266 0.2584 0.8099
vn 0.5595 0.3125 0.7677
vn 0.5007 0.3044 0.8103
vn -0.8184 -0.5648 0.1060
vn -0.8203 -0.5588 0.1219
vn -0.8536 -0.5002 0.1452
vn -0.8448 -0.5294 0.0777
vn -0.6861 -0.7230 0.0804
vn -0.6915 -0.7163 0.0930
vn -0.7148 -0.6951 0.0763
vn -0.7477 -0.6624 0.0472
vn -0.7055 -0.7006 0.1068
vn -0.7098 -0.6953 0.1129
vn -0.8031 -0.5910 0.0754
vn -0.7096 -0.6999 0.0814
vn -0.6465 -0.7585 -0.0816
vn -0.6482 -0.7578 -0.0752
vn -0.6898 -0.7233 -0.0314
vn -0.5828 -0.7854 -0.2087
vn -0.6999 -0.7089 0.0872
vn -0.7002 -0.7068 0.1010
vn -0.7287 -0.6705 0.1394
vn -0.7934 -0.6086 0.0001
vn -0.6641 -0.7464 0.0430
vn -0.6713 -0.7399 0.0435
vn -0.7004 -0.7075 0.0944
vn -0.7158 -0.6982 0.0089
vn -0.9046 -0.2714 0.3286
vn -0.8931 -0.2948 0.3399
vn -0.8887 -0.2912 0.3542
vn -0.9022 -0.2646 0.3406
vn -0.2076 0.3233 0.9232
vn -0.1674 0.3564 0.9192
vn -0.1706 0.3581 0.9180
vn -0.2055 0.4004 0.8930
vn -0.7400 0.0749 0.6684
vn -0.7411 0.0715 0.6676
vn -0.7396 0.1119 0.6637
vn -0.7498 0.0734 0.6576
vn -0.1054 0.3369 0.9356
vn -0.1284 0.3582 0.9248
vn -0.1623 0.3937 0.9048
vn -0.1392 0.2972 0.9446
vn -0.6547 0.0225 0.7556
vn -0.6565 -0.0052 0.7543
vn -0.6439 0.0101 0.7650
vn -0.6421 0.0086 0.7666
vn -0.9158 -0.2819 0.2862
vn -0.9150 -0.2687 0.3010
vn -0.9208 -0.2351 0.3112
vn -0.9314 -0.2616 0.2532
vn -0.6319 -0.7476 -0.2045
vn -0.6643 -0.7255 -0.1797
vn -0.6542 -0.7214 -0.2270
vn -0.6132 -0.7514 -0.2435
vn -0.7313 -0.5478 0.4062
vn -0.7399 -0.5092 0.4396
vn -0.7462 -0.5092 0.4288
vn -0.7475 -0.5342 0.3948
vn -0.2414 -0.9368 0.2531
vn -0.2850 -0.9369 0.2022
vn -0.2655 -0.9407 0.2113
vn -0.2010 -0.9603 0.1933
vn -0.2880 -0.9500 -0.1207
vn -0.2808 -0.9453 -0.1660
vn -0.2519 -0.9549 -0.1569
vn -0.2641 -0.9593 -0.1002
vn -0.9112 -0.3973 0.1093
vn -0.9213 -0.3751 0.1023
vn -0.9177 -0.3874 0.0881
vn -0.9101 -0.4058 0.0841
vn -0.9157 -0.4014 -0.0188
vn -0.9213 -0.3877 -0.0295
vn -0.9199 -0.3895 -0.0452
vn -0.9139 -0.4035 -0.0442
vn -0.7513 -0.6578 0.0528
vn -0.7496 -0.6594 0.0564
vn -0.7505 -0.6602 0.0305
vn -0.7190 -0.6915 0.0695
vn -0.9027 -0.4065 -0.1410
vn -0.9043 -0.4010 -0.1467
vn -0.9034 -0.4003 -0.1539
vn -0.8961 -0.4159 -0.1552
vn -0.9009 -0.4318 0.0431
vn -0.9002 -0.4325 0.0500
vn -0.8995 -0.4327 0.0601
vn -0.9006 -0.4313 0.0535
vn -0.9183 -0.3684 0.1451
vn -0.9234 -0.3565 0.1423
vn -0.9211 -0.3626 0.1418
vn -0.9182 -0.3688 0.1445
vn -0.9060 -0.3743 0.1979
vn -0.9059 -0.3739 0.1987
vn -0.9061 -0.3769 0.1922
vn -0.9040 -0.3800 0.1962
vn -0.8736 -0.4774 -0.0941
vn -0.8767 -0.4758 -0.0705
vn -0.8830 -0.4637 -0.0724
vn -0.8831 -0.4607 -0.0890
vn -0.7999 -0.5898 -0.1113
vn -0.8062 -0.5824 -0.1043
vn -0.8175 -0.5641 -0.1156
vn -0.8117 -0.5683 -0.1351
vn -0.9192 -0.3872 -0.0713
vn -0.9218 -0.3806 -0.0732
vn -0.9197 -0.3851 -0.0767
vn -0.9172 -0.3909 -0.0770
vn -0.9054 -0.4226 0.0415
vn -0.9097 -0.4145 0.0261
vn -0.9103 -0.4134 0.0225
vn -0.8963 -0.4430 0.0192
vn -0.9306 -0.3538 0.0942
vn -0.9305 -0.3532 0.0974
vn -0.9303 -0.3524 0.1021
vn -0.9309 -0.3509 0.1017
vn -0.9325 -0.3605 0.0216
vn -0.9343 -0.3558 0.0202
vn -0.9332 -0.3590 0.0158
vn -0.9320 -0.3620 0.0196
vn 0.7524 -0.1198 -0.6477
vn 0.3705 -0.2399 -0.8973
vn 0.3066 -0.2091 -0.9286
vn 0.3879 -0.1943 -0.9010
vn -0.6255 -0.7416 0.2424
vn -0.6919 -0.6640 0.2834
vn -0.6768 -0.7108 0.1916
vn -0.6214 -0.7466 0.2374
vn -0.9547 0.0986 0.2808
vn -0.9157 0.0577 0.3977
vn -0.9180 0.2027 0.3408
vn -0.9283 0.2101 0.3067
vn -0.4759 0.2441 0.8450
vn -0.3628 0.1382 0.9216
vn -0.4063 0.2386 0.8820
vn -0.4315 0.2257 0.8735
vn -0.7553 -0.6264 0.1927
vn -0.6954 -0.6653 0.2718
vn -0.6959 -0.6643 0.2728
vn -0.6943 -0.5864 0.4173
vn -0.1483 -0.6928 0.7058
vn -0.2189 -0.6886 0.6914
vn -0.1897 -0.8000 0.5692
vn -0.1604 -0.7977 0.5813
vn 0.4288 -0.3031 -0.8510
vn 0.3569 -0.3841 -0.8515
vn 0.3369 -0.3456 -0.8758
vn 0.4063 -0.3320 -0.8513
vn 0.9033 -0.4144 -0.1112
vn 0.9161 -0.3652 -0.1655
vn 0.9174 -0.3629 -0.1632
vn 0.9402 -0.2886 -0.1808
vn 0.8924 -0.4126 0.1828
vn 0.9510 -0.2782 0.1348
vn 0.9207 -0.3218 0.2210
vn 0.9186 -0.3264 0.2229
vn 0.1679 -0.0334 0.9852
vn 0.2434 0.0299 0.9695
vn 0.2449 0.0322 0.9690
vn 0.1998 0.1228 0.9721
vn 0.2235 -0.4318 0.8739
vn 0.2638 -0.5162 0.8148
vn 0.5735 -0.5785 0.5801
vn 0.2891 -0.4724 0.8326
vn 0.9757 -0.1582 0.1514
vn 0.9836 -0.1495 0.1006
vn 0.9839 -0.1430 0.1071
vn 0.9951 -0.0496 0.0852
vn 0.8874 -0.1705 0.4282
vn 0.9361 -0.0580 0.3468
vn 0.8761 -0.0746 0.4764
vn 0.8731 -0.0812 0.4808
vn -0.0949 0.1985 0.9755
vn -0.2935 0.3909 0.8724
vn -0.0314 0.2802 0.9594
vn -0.0593 0.4162 0.9073
vn 0.8683 -0.2655 -0.4191
vn 0.6757 -0.4959 -0.5455
vn 0.6585 -0.4388 -0.6115
vn 0.7376 -0.4088 -0.5374
vn 0.5056 -0.6834 0.5266
vn 0.5801 -0.7271 0.3672
vn 0.5201 -0.8368 0.1711
vn 0.4712 -0.8039 0.3628
vn 0.9037 -0.0684 0.4227
vn 0.8912 -0.1842 0.4146
vn 0.9037 -0.1928 0.3824
vn 0.9331 -0.0822 0.3500
vn 0.9903 0.0235 -0.1369
vn 0.9815 -0.0303 -0.1892
vn 0.9791 -0.0260 -0.2017
vn 0.9809 -0.0185 -0.1936
vn 0.4428 0.5581 0.7018
vn 0.4311 0.5508 0.7147
vn 0.5165 0.5275 0.6745
vn 0.4921 0.5619 0.6649
vn 0.4448 -0.7105 -0.5453
vn 0.4101 -0.6684 -0.6206
vn 0.4570 -0.6484 -0.6089
vn 0.4797 -0.6883 -0.5441
vn 0.5841 -0.1824 0.7909
vn 0.5547 -0.3001 0.7761
vn 0.6386 -0.2547 0.7262
vn 0.6421 -0.2529 0.7237
vn 0.4440 -0.3880 0.8076
vn 0.5241 -0.3180 0.7900
vn 0.5444 -0.1714 0.8211
vn 0.3769 -0.2521 0.8913
vn 0.5627 -0.3256 0.7598
vn 0.6552 -0.2741 0.7039
vn 0.6535 -0.2762 0.7048
vn 0.6008 -0.1970 0.7747
vn 0.6287 -0.1943 0.7530
vn 0.5602 -0.1238 0.8190
vn 0.5378 -0.2635 0.8009
vn 0.6294 -0.1948 0.7523
vn 0.6215 -0.1114 0.7754
vn 0.5799 -0.3043 0.7557
vn 0.6537 -0.2123 0.7264
vn 0.6534 -0.2118 0.7268
vn 0.2002 -0.1181 -0.9726
vn 0.2255 -0.1783 -0.9578
vn 0.2193 -0.1787 -0.9592
vn 0.1715 -0.1781 -0.9689
vn -0.1818 0.0062 0.9833
vn -0.1786 0.0213 0.9837
vn -0.2118 0.0124 0.9772
vn -0.1853 -0.0085 0.9826
vn -0.1650 0.0895 0.9822
vn -0.1755 0.1332 0.9754
vn -0.1938 0.1262 0.9729
vn -0.1974 0.1162 0.9734
vn 0.8763 -0.4500 -0.1722
vn 0.8728 -0.4557 -0.1748
vn 0.8153 -0.5231 -0.2482
vn 0.9081 -0.3501 -0.2298
vn 0.1844 -0.2037 -0.9615
vn 0.1230 -0.2091 -0.9701
vn 0.1852 -0.1495 -0.9713
vn 0.1849 -0.2097 -0.9601
vn 0.8141 -0.4114 -0.4098
vn 0.7695 -0.4756 -0.4263
vn 0.7804 -0.4270 -0.4568
vn 0.7826 -0.4202 -0.4593
vn 0.9646 -0.2123 -0.1563
vn 0.9421 -0.3192 -0.1027
vn 0.9384 -0.3307 -0.0998
vn 0.8959 -0.4018 -0.1896
vn 0.0788 -0.1489 -0.9857
vn 0.1083 -0.0744 -0.9913
vn 0.1407 -0.1349 -0.9808
vn 0.1423 -0.1376 -0.9802
vn 0.7707 -0.2918 -0.5665
vn 0.7796 -0.2778 -0.5613
vn 0.8182 -0.2435 -0.5208
vn 0.7736 -0.3430 -0.5328
vn -0.0051 -0.2785 -0.9604
vn -0.1136 -0.2729 -0.9553
vn -0.1265 -0.1283 -0.9836
vn -0.0079 -0.1250 -0.9921
vn 0.8747 -0.4095 -0.2591
vn 0.8733 -0.4119 -0.2602
vn 0.8170 -0.4745 -0.3277
vn 0.9012 -0.3102 -0.3028
vn 0.1721 -0.1759 -0.9692
vn 0.1657 -0.1805 -0.9695
vn 0.0846 -0.1862 -0.9789
vn 0.1645 -0.0736 -0.9836
vn 0.9150 -0.3568 -0.1884
vn 0.8528 -0.4598 -0.2475
vn 0.8750 -0.3898 -0.2871
vn 0.8760 -0.3884 -0.2859
vn 0.7796 -0.3189 -0.5390
vn 0.8169 -0.3044 -0.4899
vn 0.7889 -0.3695 -0.4911
vn 0.7756 -0.3225 -0.5427
vn 0.6680 -0.2735 0.6921
vn 0.6232 -0.2037 0.7551
vn 0.5904 -0.3568 0.7240
vn 0.6674 -0.2725 0.6930
vn 0.9048 -0.3222 -0.2784
vn 0.8800 -0.4132 -0.2344
vn 0.8779 -0.4198 -0.2305
vn 0.8265 -0.4541 -0.3327
vn 0.8347 -0.3920 -0.3868
vn 0.8382 -0.3876 -0.3837
vn 0.8734 -0.3480 -0.3408
vn 0.8253 -0.4358 -0.3591
vn 0.9259 -0.3548 -0.1297
vn 0.9230 -0.3627 -0.1286
vn 0.8868 -0.3964 -0.2376
vn 0.9351 -0.2780 -0.2200
vn 0.0816 -0.1824 -0.9798
vn 0.1359 -0.0890 -0.9867
vn 0.1429 -0.1483 -0.9786
vn 0.1424 -0.1484 -0.9786
vn 0.2247 -0.0551 -0.9729
vn 0.1594 -0.0706 -0.9847
vn 0.1659 0.0027 -0.9861
vn 0.2332 -0.0387 -0.9717
vn 0.3029 -0.1524 -0.9408
vn 0.2793 -0.0858 -0.9564
vn 0.3341 -0.1320 -0.9332
vn 0.3391 -0.1451 -0.9295
vn 0.8207 -0.0582 -0.5684
vn 0.7905 -0.0389 -0.6112
vn 0.7993 -0.0004 -0.6010
vn 0.8335 0.0282 -0.5518
vn 0.9158 -0.2257 -0.3322
vn 0.8984 -0.2547 -0.3579
vn 0.8949 -0.2345 -0.3796
vn 0.8927 -0.1666 -0.4188
vn 0.9459 -0.2684 -0.1824
vn 0.9587 -0.2144 -0.1871
vn 0.9573 -0.2493 -0.1463
vn 0.9531 -0.2689 -0.1392
vn 0.9669 -0.1240 0.2232
vn 0.9760 -0.0984 0.1944
vn 0.9693 0.0062 0.2457
vn 0.9632 -0.1076 0.2464
vn 0.9997 0.0061 0.0234
vn 0.9997 -0.0068 0.0233
vn 0.9999 -0.0082 0.0099
vn 0.9971 0.0274 -0.0709
vn 0.9149 -0.1262 0.3834
vn 0.9107 -0.1466 0.3862
vn 0.9208 -0.1529 0.3588
vn 0.9519 -0.0936 0.2916
vn 0.9689 -0.2037 0.1402
vn 0.9709 -0.1867 0.1499
vn 0.9737 -0.1509 0.1708
vn 0.9623 -0.2061 0.1777
vn 0.8581 -0.0400 0.5119
vn 0.8774 -0.0369 0.4783
vn 0.8753 -0.0226 0.4830
vn 0.8413 0.0457 0.5386
vn -0.5754 0.0746 -0.8144
vn -0.5280 0.0719 -0.8462
vn -0.5531 0.0126 -0.8330
vn -0.5770 0.0672 -0.8140
vn -0.5855 -0.1586 -0.7950
vn -0.5954 -0.1004 -0.7972
vn -0.5626 -0.0865 -0.8222
vn -0.5682 -0.1284 -0.8128
vn -0.7695 0.2714 0.5781
vn -0.7486 0.2833 0.5994
vn -0.7397 0.3067 0.5990
vn -0.7560 0.3208 0.5706
vn -0.7286 -0.5408 0.4203
vn -0.7569 -0.5187 0.3975
vn -0.7649 -0.4957 0.4114
vn -0.7586 -0.5293 0.3800
vn -0.8125 -0.5828 -0.0173
vn -0.7936 -0.6066 -0.0470
vn -0.8099 -0.5863 0.0182
vn -0.8313 -0.5548 -0.0340
vn -0.8131 0.1874 0.5511
vn -0.7938 0.2289 0.5635
vn -0.8160 0.2170 0.5358
vn -0.8257 0.1788 0.5351
vn -0.9730 0.2072 -0.1022
vn -0.9727 0.1953 -0.1253
vn -0.9803 0.1664 -0.1067
vn -0.9868 0.1566 -0.0407
vn -0.9402 0.3162 -0.1264
vn -0.9511 0.2719 -0.1464
vn -0.9543 0.2516 -0.1614
vn -0.9704 0.2225 -0.0935
vn -0.9541 0.2694 -0.1309
vn -0.9709 0.2080 -0.1186
vn -0.9665 0.2504 -0.0571
vn -0.9519 0.2991 -0.0666
vn -0.9106 0.4026 -0.0933
vn -0.9437 0.3187 -0.0890
vn -0.9332 0.3579 -0.0311
vn -0.9200 0.3901 -0.0378
vn -0.6966 0.2419 0.6755
vn -0.6876 0.3310 0.6462
vn -0.7239 0.3323 0.6046
vn -0.7612 0.2517 0.5977
vn -0.7356 0.2895 0.6124
vn -0.6797 0.2953 0.6714
vn -0.6495 0.3843 0.6561
vn -0.7024 0.4045 0.5857
vn -0.7359 0.1751 0.6541
vn -0.6923 0.2863 0.6624
vn -0.7700 0.2804 0.5732
vn -0.7801 0.2068 0.5905
vn -0.9479 0.3066 -0.0860
vn -0.9675 0.2311 -0.1023
vn -0.9651 0.2606 -0.0246
vn -0.9610 0.2755 -0.0237
vn -0.9835 0.1701 -0.0625
vn -0.9697 0.2245 -0.0959
vn -0.9871 0.1229 -0.1029
vn -0.9869 0.1479 -0.0637
vn -0.8299 0.0207 0.5575
vn -0.7907 0.0374 0.6110
vn -0.7608 0.0956 0.6419
vn -0.8257 0.1298 0.5489
vn -0.8736 -0.4169 -0.2509
vn -0.8678 -0.4471 -0.2167
vn -0.8659 -0.4621 -0.1915
vn -0.8841 -0.4500 -0.1256
vn -0.7777 -0.6244 0.0725
vn -0.8178 -0.5696 0.0823
vn -0.8172 -0.5757 0.0276
vn -0.7856 -0.6155 0.0631
vn -0.3638 -0.2187 -0.9054
vn -0.3201 -0.2651 -0.9095
vn -0.3599 -0.2722 -0.8924
vn -0.3460 -0.2487 -0.9047
vn -0.3165 -0.4169 -0.8521
vn -0.3876 -0.4184 -0.8214
vn -0.3516 -0.4169 -0.8382
vn -0.3381 -0.4106 -0.8468
vn -0.8719 -0.4600 0.1679
vn -0.8702 -0.4628 0.1689
vn -0.8761 -0.4523 0.1668
vn -0.8748 -0.4553 0.1658
vn -0.8028 -0.5305 0.2722
vn -0.8189 -0.5024 0.2774
vn -0.8331 -0.4900 0.2565
vn -0.8111 -0.5335 0.2398
vn -0.8448 -0.5045 -0.1782
vn -0.8312 -0.5019 -0.2393
vn -0.8194 -0.5182 -0.2451
vn -0.8102 -0.5449 -0.2160
vn -0.7990 -0.5964 -0.0765
vn -0.7895 -0.6071 -0.0905
vn -0.7716 -0.6344 -0.0463
vn -0.8204 -0.5659 -0.0823
vn -0.7952 -0.6026 0.0680
vn -0.8084 -0.5854 0.0618
vn -0.8079 -0.5870 0.0520
vn -0.8074 -0.5876 0.0538
vn -0.8016 -0.5898 -0.0978
vn -0.7917 -0.6047 -0.0874
vn -0.7935 -0.6070 -0.0434
vn -0.7989 -0.5982 -0.0615
vn -0.8654 -0.4991 -0.0448
vn -0.8725 -0.4874 -0.0335
vn -0.8669 -0.4960 -0.0490
vn -0.8634 -0.5023 -0.0477
vn -0.9204 -0.3554 0.1631
vn -0.9152 -0.3719 0.1555
vn -0.9191 -0.3562 0.1683
vn -0.9214 -0.3529 0.1630
vn -0.8812 -0.4713 -0.0357
vn -0.8831 -0.4647 -0.0648
vn -0.8827 -0.4643 -0.0724
vn -0.8794 -0.4702 -0.0743
vn -0.5586 -0.8295 -0.0018
vn -0.5522 -0.8334 -0.0212
vn -0.5212 -0.8533 -0.0146
vn -0.5374 -0.8433 0.0065
vn -0.6913 -0.7216 -0.0360
vn -0.6948 -0.7181 -0.0406
vn -0.7096 -0.7021 -0.0583
vn -0.6815 -0.7301 -0.0503
vn -0.6769 -0.7267 -0.1170
vn -0.6729 -0.7314 -0.1110
vn -0.7113 -0.6933 -0.1160
vn -0.6918 -0.7115 -0.1233
vn -0.6181 -0.7850 -0.0427
vn -0.6039 -0.7948 -0.0601
vn -0.5967 -0.8002 -0.0602
vn -0.5815 -0.8130 -0.0289
vn -0.8406 -0.4736 0.2630
vn -0.8421 -0.4807 0.2446
vn -0.8295 -0.5061 0.2361
vn -0.8342 -0.4757 0.2788
vn -0.5503 -0.8317 0.0743
vn -0.5917 -0.8048 0.0479
vn -0.5675 -0.8203 0.0707
vn -0.5436 -0.8379 0.0492
vn -0.8598 -0.4395 0.2599
vn -0.8522 -0.4534 0.2611
vn -0.8573 -0.4385 0.2696
vn -0.8599 -0.4381 0.2620
vn -0.8501 -0.4731 0.2311
vn -0.8578 -0.4438 0.2593
vn -0.8680 -0.4294 0.2495
vn -0.8736 -0.4277 0.2322
vn -0.8294 -0.5544 0.0695
vn -0.8446 -0.5343 0.0336
vn -0.8403 -0.5420 -0.0059
vn -0.8321 -0.5546 0.0011
vn 0.9289 0.3165 -0.1924
vn 0.9192 0.3356 -0.2058
vn 0.9251 0.3373 -0.1741
vn 0.9303 0.3194 -0.1805
vn 0.8948 0.4415 0.0669
vn 0.8912 0.4485 0.0684
vn 0.8827 0.4632 0.0796
vn 0.8936 0.4416 0.0804
vn 0.7324 0.1045 -0.6728
vn 0.7138 0.1410 -0.6860
vn 0.7671 0.1478 -0.6243
vn 0.7414 0.1115 -0.6617
vn 0.9089 0.2637 -0.3231
vn 0.8987 0.2856 -0.3328
vn 0.9073 0.2906 -0.3039
vn 0.9159 0.2616 -0.3044
vn 0.9272 0.2682 -0.2614
vn 0.9246 0.2759 -0.2626
vn 0.9290 0.2811 -0.2407
vn 0.9286 0.2676 -0.2571
vn 0.9536 0.2718 -0.1296
vn 0.9495 0.2805 -0.1409
vn 0.9537 0.2763 -0.1186
vn 0.9534 0.2724 -0.1295
vn 0.8141 0.4946 0.3043
vn 0.8276 0.4744 0.2999
vn 0.8396 0.4468 0.3089
vn 0.8274 0.4832 0.2862
vn 0.8901 0.3989 0.2207
vn 0.8877 0.4176 0.1938
vn 0.8767 0.4186 0.2371
vn 0.8902 0.3982 0.2214
vn 0.7659 0.4968 0.4081
vn 0.7728 0.4898 0.4037
vn 0.7862 0.4845 0.3836
vn 0.7653 0.5012 0.4040
vn 0.5317 0.4945 0.6876
vn 0.5616 0.4971 0.6614
vn 0.5289 0.5552 0.6418
vn 0.5177 0.5294 0.6721
vn 0.7654 0.5356 0.3568
vn 0.7509 0.5501 0.3654
vn 0.7532 0.5423 0.3724
vn 0.7532 0.5390 0.3770
vn 0.5545 0.5212 0.6488
vn 0.5677 0.5022 0.6523
vn 0.5785 0.5262 0.6232
vn 0.5517 0.5494 0.6276
vn 0.9533 0.2982 -0.0479
vn 0.9481 0.3104 -0.0690
vn 0.9500 0.3098 -0.0383
vn 0.9532 0.2987 -0.0465
vn 0.9244 0.3530 0.1444
vn 0.9318 0.3381 0.1319
vn 0.9321 0.3394 0.1267
vn 0.9253 0.3617 0.1137
vn 0.9478 0.3120 0.0662
vn 0.9426 0.3288 0.0591
vn 0.9390 0.3342 0.0816
vn 0.9472 0.3128 0.0698
vn 0.8565 0.4316 0.2830
vn 0.8580 0.4352 0.2728
vn 0.8584 0.4362 0.2701
vn 0.8543 0.4390 0.2784
vn 0.9309 0.2739 -0.2418
vn 0.9298 0.2776 -0.2416
vn 0.9299 0.2781 -0.2408
vn 0.9313 0.2753 -0.2385
vn 0.9395 0.2673 -0.2141
vn 0.9357 0.2775 -0.2179
vn 0.9406 0.2695 -0.2065
vn 0.9399 0.2665 -0.2136
vn 0.8960 0.2704 -0.3523
vn 0.8906 0.2757 -0.3616
vn 0.8887 0.2796 -0.3632
vn 0.8861 0.2977 -0.3551
vn 0.9212 0.2801 -0.2699
vn 0.9204 0.2775 -0.2755
vn 0.9198 0.2815 -0.2733
vn 0.9193 0.2845 -0.2720
vn 0.3910 -0.0227 -0.9201
vn 0.3877 -0.0304 -0.9213
vn 0.3789 -0.0115 -0.9254
vn 0.3940 0.0027 -0.9191
vn 0.7743 0.1661 -0.6107
vn 0.7672 0.1642 -0.6200
vn 0.7576 0.1774 -0.6281
vn 0.7768 0.1850 -0.6020
vn 0.4064 -0.0011 -0.9137
vn 0.4004 0.0312 -0.9158
vn 0.4064 0.0254 -0.9133
vn 0.4092 0.0328 -0.9119
vn 0.8670 0.2249 -0.4447
vn 0.8773 0.2196 -0.4267
vn 0.8638 0.2108 -0.4576
vn 0.8578 0.2291 -0.4602
vn 0.8915 0.3034 -0.3364
vn 0.8961 0.3032 -0.3242
vn 0.8984 0.2804 -0.3379
vn 0.8909 0.3025 -0.3388
vn 0.8466 0.2902 -0.4461
vn 0.8394 0.3007 -0.4527
vn 0.8427 0.3161 -0.4359
vn 0.8518 0.3017 -0.4284
vn 0.9276 0.2984 -0.2248
vn 0.9180 0.3235 -0.2295
vn 0.9172 0.3367 -0.2132
vn 0.9296 0.3064 -0.2048
vn 0.9478 0.2794 -0.1536
vn 0.9469 0.2767 -0.1640
vn 0.9471 0.2793 -0.1579
vn 0.9472 0.2793 -0.1573
vn 0.9556 0.2899 -0.0520
vn 0.9552 0.2922 -0.0477
vn 0.9552 0.2921 -0.0472
vn 0.9574 0.2854 -0.0450
vn 0.9476 0.3147 0.0550
vn 0.9491 0.3098 0.0565
vn 0.9496 0.3100 0.0471
vn 0.9468 0.3174 0.0532
vn 0.9024 0.3811 0.2011
vn 0.9050 0.3778 0.1956
vn 0.8998 0.3916 0.1924
vn 0.9000 0.3884 0.1977
vn 0.8980 0.4373 0.0482
vn 0.8958 0.4425 0.0408
vn 0.8917 0.4488 0.0590
vn 0.9010 0.4283 0.0689
vn 0.7744 0.5397 0.3303
vn 0.7689 0.5439 0.3363
vn 0.7759 0.5360 0.3327
vn 0.7795 0.5364 0.3234
vn 0.9092 0.4100 0.0721
vn 0.9064 0.4183 0.0589
vn 0.8988 0.4338 0.0633
vn 0.9014 0.4274 0.0689
vn 0.9280 0.2803 -0.2452
vn 0.9211 0.2849 -0.2652
vn 0.9195 0.2907 -0.2646
vn 0.9200 0.2945 -0.2585
vn 0.9367 0.3057 -0.1706
vn 0.9382 0.2911 -0.1873
vn 0.9326 0.3131 -0.1796
vn 0.9339 0.3103 -0.1776
vn 0.9013 0.3596 -0.2413
vn 0.9053 0.3577 -0.2290
vn 0.9117 0.3551 -0.2068
vn 0.9114 0.3380 -0.2346
vn 0.8805 0.4730 0.0316
vn 0.8817 0.4707 0.0323
vn 0.8915 0.4520 0.0310
vn 0.8889 0.4579 0.0090
vn 0.9459 0.3204 -0.0516
vn 0.9396 0.3324 -0.0819
vn 0.9389 0.3380 -0.0657
vn 0.9402 0.3359 -0.0569
vn 0.8026 -0.2710 -0.5314
vn 0.8101 -0.2578 -0.5266
vn 0.8466 -0.2501 -0.4697
vn 0.8136 -0.3195 -0.4858
vn 0.1262 -0.1758 -0.9763
vn 0.1696 -0.0844 -0.9819
vn 0.1804 -0.1466 -0.9726
vn 0.1690 -0.1698 -0.9709
vn -0.6893 0.0855 -0.7194
vn -0.6329 0.0878 -0.7692
vn -0.7544 0.0494 -0.6545
vn -0.6926 0.0748 -0.7175
vn -0.9642 0.2311 -0.1304
vn -0.9833 0.1457 -0.1087
vn -0.9895 0.1170 -0.0850
vn -0.9772 0.1954 -0.0826
vn -0.8847 0.0755 0.4600
vn -0.8312 0.0829 0.5498
vn -0.8260 0.1417 0.5455
vn -0.8740 0.1392 0.4656
vn -0.1618 -0.1429 0.9764
vn -0.3788 -0.2252 0.8976
vn -0.1246 -0.2025 0.9713
vn -0.1327 -0.0953 0.9866
vn 0.6728 -0.2295 0.7033
vn 0.6883 -0.3728 0.6223
vn 0.7439 -0.3230 0.5851
vn 0.7093 -0.3292 0.6233
vn 0.9594 -0.2716 -0.0756
vn 0.9520 -0.2954 -0.0802
vn 0.9472 -0.2914 -0.1337
vn 0.9657 -0.1934 -0.1734
vn 0.8689 -0.4923 -0.0518
vn 0.8772 -0.4759 -0.0632
vn 0.9096 -0.4108 -0.0627
vn 0.8830 -0.4692 0.0131
vn 0.4671 -0.3977 -0.7897
vn 0.4369 -0.4529 -0.7772
vn 0.4031 -0.3869 -0.8293
vn 0.4647 -0.3977 -0.7911
vn -0.3275 -0.0443 -0.9438
vn -0.3199 -0.0528 -0.9460
vn -0.3466 -0.0444 -0.9370
vn -0.3472 -0.0453 -0.9367
vn -0.8653 0.2828 -0.4138
vn -0.8691 0.2739 -0.4119
vn -0.8771 0.2552 -0.4068
vn -0.8611 0.3011 -0.4096
vn -0.8527 0.4151 0.3170
vn -0.8511 0.4141 0.3228
vn -0.8469 0.4164 0.3307
vn -0.8497 0.4162 0.3237
vn -0.5364 0.3689 0.7591
vn -0.5350 0.3686 0.7602
vn -0.5339 0.3745 0.7581
vn -0.5366 0.3685 0.7591
vn 0.2782 -0.0158 0.9604
vn 0.3380 0.0081 0.9411
vn 0.3417 0.0815 0.9363
vn 0.8305 -0.3601 0.4249
vn 0.8278 -0.4156 0.3769
vn 0.8683 -0.3581 0.3432
vn 0.8421 -0.3461 0.4135
vn 0.9249 -0.3666 -0.1011
vn 0.9264 -0.3578 -0.1174
vn 0.9469 -0.3005 -0.1147
vn 0.9256 -0.3768 -0.0356
vn 0.8877 -0.3107 0.3398
vn 0.9082 -0.2531 0.3333
vn 0.8828 -0.2654 0.3876
vn 0.8768 -0.2794 0.3913
vn 0.3357 0.0204 0.9418
vn 0.3113 0.0827 0.9467
vn 0.3002 -0.0189 0.9537
vn -0.5075 0.2946 0.8097
vn -0.5160 0.3019 0.8016
vn -0.5167 0.3004 0.8017
vn -0.8813 0.3018 0.3635
vn -0.8794 0.3137 0.3582
vn -0.8824 0.3056 0.3578
vn -0.8869 0.2937 0.3567
vn -0.9108 0.1773 -0.3729
vn -0.9115 0.1954 -0.3620
vn -0.8991 0.1856 -0.3965
vn -0.9016 0.1831 -0.3919
vn -0.3597 -0.0918 -0.9285
vn -0.3596 -0.0929 -0.9285
vn -0.3504 -0.0656 -0.9343
vn -0.3498 -0.1110 -0.9302
vn 0.4132 -0.3394 -0.8450
vn 0.4680 -0.3461 -0.8131
vn 0.4681 -0.3469 -0.8127
vn 0.4253 -0.4009 -0.8115
vn 0.5003 -0.4161 -0.7593
vn 0.4402 -0.4814 -0.7580
vn 0.5043 -0.3461 -0.7911
vn -0.3197 -0.0684 -0.9451
vn -0.3534 -0.0801 -0.9320
vn -0.3613 -0.0587 -0.9306
vn -0.3608 -0.0578 -0.9309
vn -0.8489 0.2998 -0.4353
vn -0.8531 0.2961 -0.4296
vn -0.8628 0.2918 -0.4128
vn -0.8380 0.3424 -0.4248
vn -0.8401 0.4656 0.2783
vn -0.8425 0.4593 0.2815
vn -0.8392 0.4610 0.2885
vn -0.8378 0.4658 0.2849
vn -0.5191 0.3753 0.7679
vn -0.5187 0.3717 0.7699
vn -0.5184 0.3688 0.7715
vn -0.5118 0.3747 0.7731
vn 0.2922 0.1134 0.9496
vn 0.2489 0.0582 0.9668
vn 0.3231 0.0250 0.9460
vn 0.3254 0.0261 0.9452
vn 0.8892 -0.3087 0.3377
vn 0.8788 -0.3363 0.3385
vn 0.8487 -0.3981 0.3482
vn 0.9232 -0.2805 0.2626
vn 0.9227 -0.3855 0.0005
vn 0.8966 -0.4422 0.0245
vn 0.9009 -0.4273 -0.0768
vn 0.9029 -0.4227 -0.0777
vn 0.9542 -0.2719 0.1248
vn 0.9554 -0.2682 0.1237
vn 0.9399 -0.2405 0.2425
vn 0.9164 -0.3308 0.2254
vn 0.4939 -0.4231 -0.7596
vn 0.6110 -0.2437 -0.7532
vn 0.5867 -0.3485 -0.7310
vn 0.5836 -0.3511 -0.7322
vn -0.2214 -0.1749 -0.9594
vn -0.2225 -0.1753 -0.9590
vn -0.2173 -0.1744 -0.9604
vn -0.2167 -0.1818 -0.9592
vn -0.7824 0.0272 -0.6221
vn -0.7776 0.0355 -0.6277
vn -0.7765 0.0310 -0.6293
vn -0.7749 0.0239 -0.6316
vn -0.9701 0.2176 0.1077
vn -0.9693 0.2245 0.1002
vn -0.9695 0.2257 0.0961
vn -0.9715 0.2143 0.1017
vn -0.6609 0.2967 0.6893
vn -0.6641 0.2993 0.6852
vn -0.6681 0.2966 0.6824
vn -0.6674 0.2959 0.6834
vn 0.0309 0.2097 0.9773
vn 0.0315 0.2096 0.9773
vn 0.0066 0.3402 0.9403
vn -0.0021 0.0957 0.9954
vn 0.9038 -0.1718 0.3920
vn 0.9196 -0.1253 0.3722
vn 0.8568 -0.1341 0.4979
vn 0.8538 -0.1512 0.4981
vn 0.8772 -0.3435 -0.3356
vn 0.8712 -0.4194 -0.2551
vn 0.8708 -0.4203 -0.2552
vn 0.8236 -0.4510 -0.3440
vn 0.6597 -0.2679 0.7022
vn 0.6401 -0.1708 0.7491
vn 0.5925 -0.3387 0.7309
vn 0.6612 -0.2664 0.7013
vn -0.1340 0.1351 0.9817
vn -0.1635 0.1066 0.9808
vn -0.1646 0.1054 0.9807
vn -0.1420 0.0545 0.9884
vn -0.6976 0.2902 0.6550
vn -0.7071 0.3185 0.6314
vn -0.7393 0.3353 0.5840
vn -0.7581 0.2841 0.5870
vn -0.9471 0.2915 -0.1339
vn -0.9647 0.2246 -0.1372
vn -0.9626 0.2596 -0.0778
vn -0.9446 0.3180 -0.0814
vn -0.5723 0.0923 -0.8148
vn -0.5231 0.1231 -0.8433
vn -0.5686 0.0448 -0.8214
vn -0.5713 0.0926 -0.8155
vn 0.2029 -0.1009 -0.9740
vn 0.2027 -0.1859 -0.9614
vn 0.2033 -0.1845 -0.9616
vn 0.1442 -0.2106 -0.9669
vn 0.8528 -0.4031 -0.3320
vn 0.8545 -0.3997 -0.3317
vn 0.8893 -0.3778 -0.2577
vn 0.8488 -0.4460 -0.2840
vn 0.8652 -0.4673 -0.1821
vn 0.8924 -0.3819 -0.2405
vn 0.8433 -0.2684 -0.4657
vn 0.9588 -0.2425 -0.1481
vn 0.8814 -0.4093 -0.2359
vn 0.8364 -0.4319 -0.3375
vn 0.9384 -0.2413 -0.2474
vn 0.9727 -0.1733 -0.1546
vn -0.0988 -0.9937 0.0530
vn -0.1299 -0.9478 0.2911
vn -0.1616 -0.9787 -0.1263
vn 0.0402 -0.9991 0.0136
vn 0.0424 -0.9901 -0.1341
vn -0.1929 -0.9786 0.0722
vn -0.3469 -0.9317 -0.1082
vn -0.1034 -0.9907 -0.0886
vt 0.833401 0.058989
vt 0.812630 0.057538
vt 0.802191 0.055797
vt 0.846281 0.059133
vt 0.858876 0.057816
vt 0.873126 0.056325
vt 0.886660 0.054576
vt 0.899634 0.052679
vt 0.910688 0.052920
vt 0.920979 0.053356
vt 0.930079 0.050661
vt 0.792443 0.050675
vt 0.799496 0.030748
vt 0.921214 0.029803
vt 0.912922 0.031812
vt 0.903738 0.032234
vt 0.894546 0.032361
vt 0.882888 0.033712
vt 0.870291 0.034863
vt 0.858463 0.035846
vt 0.847062 0.036531
vt 0.835328 0.037961
vt 0.818036 0.035681
vt 0.809267 0.034586
vt 0.868937 0.015949
vt 0.594761 0.153046
vt 0.856457 0.016281
vt 0.585405 0.160753
vt 0.881438 0.015423
vt 0.604314 0.145682
vt 0.612435 0.140165
vt 0.891830 0.014981
vt 0.847276 0.017020
vt 0.579344 0.167374
vt 0.836221 0.020199
vt 0.575839 0.178530
vt 0.822033 0.014585
vt 0.008729 0.060928
vt 0.570709 0.195183
vt 0.815430 0.013146
vt 0.013529 0.055955
vt 0.804081 0.009444
vt 0.916291 0.008207
vt 0.020300 0.047099
vt 0.907346 0.012650
vt 0.021376 0.037214
vt 0.618267 0.136088
vt 0.023607 0.029197
vt 0.899251 0.013823
vt 0.539767 0.088656
vt 0.546954 0.103958
vt 0.552072 0.099368
vt 0.541085 0.109155
vt 0.506503 0.058186
vt 0.503248 0.060365
vt 0.500866 0.063941
vt 0.537349 0.119729
vt 0.523124 0.108898
vt 0.539107 0.112683
vt 0.535156 0.126497
vt 0.485728 0.101095
vt 0.484657 0.105298
vt 0.484704 0.109566
vt 0.563037 0.093823
vt 0.569153 0.090791
vt 0.555857 0.096679
vt 0.589509 0.060806
vt 0.589068 0.074151
vt 0.588248 0.089032
vt 0.574184 0.088688
vt 0.591584 0.037084
vt 0.584700 0.035282
vt 0.549409 0.038824
vt 0.545944 0.039569
vt 0.542627 0.041091
vt 0.539827 0.169775
vt 0.526167 0.158372
vt 0.542434 0.159369
vt 0.536352 0.178998
vt 0.500079 0.155323
vt 0.498878 0.159175
vt 0.498484 0.163336
vt 0.557879 0.175740
vt 0.559962 0.162037
vt 0.553794 0.185671
vt 0.526510 0.123044
vt 0.528296 0.117036
vt 0.530308 0.111082
vt 0.505719 0.116390
vt 0.506909 0.111071
vt 0.508748 0.105156
vt 0.507417 0.167674
vt 0.508809 0.161552
vt 0.509995 0.155379
vt 0.529365 0.176330
vt 0.531816 0.167949
vt 0.534222 0.158864
vt 0.070727 0.099479
vt 0.071790 0.110429
vt 0.066591 0.101854
vt 0.075715 0.097809
vt 0.082796 0.143572
vt 0.086965 0.141121
vt 0.091497 0.140677
vt 0.087143 0.121176
vt 0.081633 0.122986
vt 0.076898 0.124632
vt 0.076649 0.100342
vt 0.072692 0.101658
vt 0.069044 0.104798
vt 0.525069 0.128197
vt 0.066289 0.107465
vt 0.531198 0.130782
vt 0.063038 0.105439
vt 0.504753 0.120608
vt 0.072292 0.126196
vt 0.484316 0.113043
vt 0.079735 0.146956
vt 0.082290 0.098486
vt 0.534568 0.107324
vt 0.084080 0.100497
vt 0.531578 0.106242
vt 0.524426 0.104459
vt 0.087245 0.106245
vt 0.509824 0.101675
vt 0.092165 0.119944
vt 0.486367 0.098019
vt 0.095851 0.143568
vt 0.482472 0.104653
vt 0.483248 0.101323
vt 0.481741 0.099384
vt 0.093004 0.146738
vt 0.091064 0.144336
vt 0.087940 0.145549
vt 0.084679 0.146893
vt 0.480666 0.109450
vt 0.083540 0.149480
vt 0.482740 0.108141
vt 0.479394 0.104103
vt 0.088705 0.149016
vt 0.492115 0.107172
vt 0.493162 0.101862
vt 0.493825 0.098739
vt 0.095607 0.135981
vt 0.091025 0.136332
vt 0.086007 0.137193
vt 0.081108 0.138813
vt 0.490237 0.116053
vt 0.077170 0.140708
vt 0.490865 0.112088
vt 0.538207 0.138030
vt 0.057382 0.103942
vt 0.542851 0.133625
vt 0.056602 0.097833
vt 0.544639 0.145207
vt 0.052836 0.108369
vt 0.550253 0.143258
vt 0.049551 0.103386
vt 0.498787 0.152886
vt 0.018925 0.131555
vt 0.495321 0.158525
vt 0.013435 0.129744
vt 0.496167 0.165252
vt 0.009496 0.125216
vt 0.019890 0.127433
vt 0.016691 0.125082
vt 0.013072 0.123062
vt 0.506680 0.171908
vt 0.011264 0.113114
vt 0.017270 0.114529
vt 0.526881 0.181702
vt 0.019842 0.096639
vt 0.026609 0.096940
vt 0.533215 0.185624
vt 0.017525 0.092736
vt 0.026309 0.092235
vt 0.022911 0.116718
vt 0.033829 0.099166
vt 0.035356 0.095784
vt 0.027070 0.120498
vt 0.040569 0.103153
vt 0.043239 0.101143
vt 0.030118 0.124834
vt 0.511215 0.151228
vt 0.527404 0.153358
vt 0.040107 0.112337
vt 0.043973 0.109277
vt 0.534685 0.153112
vt 0.013912 0.078766
vt 0.550262 0.194577
vt 0.026754 0.082635
vt 0.037710 0.087626
vt 0.047356 0.093212
vt 0.540905 0.152204
vt 0.047379 0.109027
vt 0.555095 0.151781
vt 0.548214 0.151773
vt 0.049749 0.114957
vt 0.549367 0.160183
vt 0.546827 0.172047
vt 0.543313 0.181939
vt 0.015264 0.087502
vt 0.540185 0.190054
vt 0.025893 0.087712
vt 0.036556 0.092282
vt 0.045906 0.098573
vt 0.058771 0.092728
vt 0.048819 0.087644
vt 0.040339 0.078633
vt 0.080242 0.086578
vt 0.089253 0.095156
vt 0.078782 0.092678
vt 0.082762 0.080216
vt 0.129175 0.108883
vt 0.130050 0.105219
vt 0.130737 0.101600
vt 0.083307 0.068803
vt 0.083414 0.074665
vt 0.084279 0.062259
vt 0.131709 0.072234
vt 0.131583 0.068489
vt 0.131715 0.065044
vt 0.076791 0.051764
vt 0.084954 0.045250
vt 0.073919 0.047107
vt 0.083257 0.057754
vt 0.090252 0.049946
vt 0.098670 0.039397
vt 0.109222 0.018607
vt 0.102858 0.014308
vt 0.112354 0.016172
vt 0.583066 0.033426
vt 0.108435 0.012472
vt 0.588748 0.033053
vt 0.103270 0.010678
vt 0.593640 0.035721
vt 0.085853 0.029725
vt 0.593654 0.061209
vt 0.079107 0.038927
vt 0.593483 0.074251
vt 0.594242 0.087668
vt 0.072788 0.042122
vt 0.088548 0.058516
vt 0.571532 0.083004
vt 0.135378 0.063219
vt 0.551103 0.036496
vt 0.087623 0.058989
vt 0.570451 0.082932
vt 0.136748 0.068344
vt 0.545499 0.035956
vt 0.135252 0.074179
vt 0.540239 0.039367
vt 0.086240 0.078516
vt 0.550723 0.090157
vt 0.125516 0.068882
vt 0.126236 0.073442
vt 0.129003 0.077698
vt 0.538972 0.046460
vt 0.542230 0.045621
vt 0.546791 0.044499
vt 0.551534 0.042160
vt 0.131154 0.060088
vt 0.554499 0.040141
vt 0.127411 0.064334
vt 0.098927 0.017764
vt 0.107519 0.022637
vt 0.579483 0.040452
vt 0.111439 0.024249
vt 0.582483 0.041371
vt 0.591866 0.043637
vt 0.594940 0.043784
vt 0.096273 0.015486
vt 0.087250 0.068520
vt 0.086955 0.073345
vt 0.088676 0.078466
vt 0.549917 0.087417
vt 0.554780 0.088055
vt 0.559915 0.086096
vt 0.565289 0.083702
vt 0.090141 0.057779
vt 0.568707 0.079814
vt 0.088500 0.063298
vt 0.081711 0.098234
vt 0.534521 0.106919
vt 0.497828 0.063661
vt 0.132269 0.112415
vt 0.507085 0.055245
vt 0.135637 0.101190
vt 0.542475 0.085134
vt 0.095100 0.080346
vt 0.086266 0.078807
vt 0.550335 0.090867
vt 0.524688 0.082795
vt 0.529437 0.078271
vt 0.531676 0.074902
vt 0.107927 0.085424
vt 0.106862 0.090925
vt 0.105608 0.096157
vt 0.103771 0.100938
vt 0.101304 0.105686
vt 0.516718 0.088693
vt 0.519958 0.086662
vt 0.540647 0.098831
vt 0.545321 0.094371
vt 0.089556 0.078399
vt 0.547353 0.089876
vt 0.085462 0.082630
vt 0.083394 0.087710
vt 0.082502 0.092672
vt 0.083261 0.098008
vt 0.531772 0.104630
vt 0.535733 0.102521
vt 0.505382 0.063794
vt 0.509941 0.059980
vt 0.514122 0.058710
vt 0.130621 0.095379
vt 0.125506 0.097988
vt 0.123227 0.102386
vt 0.123139 0.107463
vt 0.500469 0.071344
vt 0.124776 0.113483
vt 0.502360 0.068059
vt 0.500886 0.057519
vt 0.135505 0.107022
vt 0.592547 0.098003
vt 0.067019 0.039668
vt 0.598922 0.095110
vt 0.066157 0.047126
vt 0.048123 0.075516
vt 0.050482 0.062693
vt 0.059260 0.052812
vt 0.041492 0.070936
vt 0.043833 0.061124
vt 0.046321 0.051361
vt 0.059157 0.045516
vt 0.059443 0.036817
vt 0.603722 0.102774
vt 0.574860 0.102710
vt 0.565069 0.108438
vt 0.552906 0.120164
vt 0.547684 0.128374
vt 0.598685 0.111394
vt 0.588048 0.122177
vt 0.578180 0.128763
vt 0.566343 0.135828
vt 0.556189 0.138979
vt 0.563678 0.150232
vt 0.569719 0.162612
vt 0.572671 0.144166
vt 0.582573 0.135713
vt 0.592128 0.128433
vt 0.602638 0.119943
vt 0.046611 0.032764
vt 0.609781 0.115075
vt 0.046593 0.043390
vt 0.566271 0.178331
vt 0.011795 0.070075
vt 0.560476 0.195792
vt 0.028711 0.074272
vt 0.029445 0.066183
vt 0.029947 0.056538
vt 0.589227 0.145570
vt 0.598343 0.138762
vt 0.607486 0.132488
vt 0.615697 0.129033
vt 0.031293 0.030983
vt 0.031053 0.040198
vt 0.030895 0.049064
vt 0.018713 0.061773
vt 0.023078 0.053168
vt 0.579886 0.153277
vt 0.847379 0.026374
vt 0.857648 0.025184
vt 0.869351 0.024764
vt 0.881876 0.024077
vt 0.892894 0.023105
vt 0.901240 0.022640
vt 0.910132 0.021627
vt 0.801987 0.020876
vt 0.918606 0.019613
vt 0.811752 0.024752
vt 0.819959 0.026112
vt 0.836140 0.028328
vt 0.534934 0.093412
vt 0.530262 0.097290
vt 0.521186 0.114964
vt 0.519999 0.120744
vt 0.578849 0.059814
vt 0.576587 0.073096
vt 0.075963 0.108150
vt 0.080723 0.107282
vt 0.518872 0.125714
vt 0.067999 0.112508
vt 0.090642 0.090729
vt 0.092464 0.086031
vt 0.081962 0.041901
vt 0.093276 0.034969
vt 0.089436 0.032155
vt 0.102231 0.042165
vt 0.575641 0.059174
vt 0.094041 0.052924
vt 0.573106 0.072469
vt 0.526833 0.099955
vt 0.088059 0.100229
vt 0.513722 0.072031
vt 0.529648 0.087918
vt 0.534393 0.083116
vt 0.518292 0.067559
vt 0.509196 0.075764
vt 0.524993 0.091751
vt 0.514786 0.113250
vt 0.516411 0.107084
vt 0.513637 0.118653
vt 0.501312 0.103442
vt 0.499902 0.108923
vt 0.498764 0.114352
vt 0.554980 0.072187
vt 0.550222 0.056364
vt 0.555958 0.054734
vt 0.560446 0.070300
vt 0.545320 0.057955
vt 0.549852 0.073398
vt 0.590891 0.050643
vt 0.589103 0.067780
vt 0.580948 0.048673
vt 0.577609 0.066494
vt 0.078634 0.114625
vt 0.073940 0.116470
vt 0.083987 0.113201
vt 0.078545 0.130392
vt 0.083425 0.128531
vt 0.088934 0.127385
vt 0.512781 0.123413
vt 0.069832 0.118247
vt 0.498373 0.118732
vt 0.074465 0.132494
vt 0.517841 0.103040
vt 0.089653 0.112289
vt 0.093916 0.127044
vt 0.502683 0.100299
vt 0.098878 0.093968
vt 0.097118 0.098503
vt 0.100479 0.088791
vt 0.118073 0.105877
vt 0.119750 0.100837
vt 0.121175 0.095985
vt 0.101645 0.068248
vt 0.101280 0.073266
vt 0.101587 0.063156
vt 0.115904 0.073584
vt 0.116295 0.068316
vt 0.116472 0.063343
vt 0.089621 0.039953
vt 0.085936 0.037117
vt 0.094933 0.044593
vt 0.104481 0.029143
vt 0.099363 0.026112
vt 0.094888 0.023425
vt 0.091840 0.021401
vt 0.594433 0.050979
vt 0.082348 0.034676
vt 0.593415 0.067829
vt 0.577915 0.047796
vt 0.108280 0.031461
vt 0.098413 0.047603
vt 0.574312 0.065516
vt 0.559331 0.053375
vt 0.116482 0.058304
vt 0.101047 0.057414
vt 0.564406 0.068234
vt 0.115859 0.078316
vt 0.542000 0.058637
vt 0.545740 0.073670
vt 0.100538 0.078153
vt 0.521471 0.094014
vt 0.094838 0.103222
vt 0.115958 0.111042
vt 0.506385 0.077716
vt 0.520440 0.064583
vt 0.122448 0.091197
vt 0.536747 0.079522
vt 0.101924 0.082847
vt 0.524116 0.166012
vt 0.522524 0.173219
vt 0.521324 0.178341
vt 0.018766 0.100585
vt 0.025431 0.101440
vt 0.031769 0.103146
vt 0.036776 0.107258
vt 0.516677 0.163909
vt 0.518264 0.157136
vt 0.515610 0.170365
vt 0.515208 0.175119
vt 0.015765 0.105422
vt 0.021961 0.107363
vt 0.027793 0.109652
vt 0.032172 0.113538
vt 0.519511 0.152640
vt 0.035812 0.118071
vt 0.503439 0.154360
vt 0.502409 0.159860
vt 0.501320 0.165477
vt 0.500409 0.169423
vt 0.008720 0.119608
vt 0.014557 0.119025
vt 0.020217 0.120195
vt 0.023681 0.124316
vt 0.504633 0.150453
vt 0.024741 0.129699
vt 0.846734 0.047204
vt 0.858428 0.046265
vt 0.871873 0.044612
vt 0.884430 0.043488
vt 0.896994 0.041985
vt 0.906192 0.042329
vt 0.916249 0.041958
vt 0.924751 0.039539
vt 0.796536 0.040030
vt 0.806271 0.044171
vt 0.815340 0.046689
vt 0.834645 0.048058
vt 0.067603 0.052953
vt 0.069450 0.058012
vt 0.069208 0.067340
vt 0.066033 0.081491
vt 0.064252 0.085348
vt 0.821323 0.057939
vt 0.825322 0.036657
vt 0.823636 0.047128
vt 0.827791 0.018532
vt 0.571995 0.187542
vt 0.826786 0.027267
vt 0.562490 0.187763
vt 0.061991 0.089273
vt 0.067293 0.076955
vt 0.068351 0.072461
vt 0.070589 0.063164
vt 0.534829 0.134148
vt 0.060507 0.104028
vt 0.538792 0.129940
vt 0.063004 0.099536
vt 0.066877 0.096382
vt 0.590161 0.092493
vt 0.070970 0.041455
vt 0.595758 0.090477
vt 0.071102 0.047433
vt 0.542315 0.123179
vt 0.073570 0.052726
vt 0.069985 0.093359
vt 0.072091 0.088949
vt 0.073648 0.084533
vt 0.075333 0.078839
vt 0.076424 0.074074
vt 0.077328 0.068668
vt 0.077370 0.063196
vt 0.075972 0.058108
vt 0.054737 0.084892
vt 0.052347 0.076702
vt 0.054975 0.064779
vt 0.061781 0.057868
vt 0.060320 0.084132
vt 0.058903 0.078607
vt 0.060276 0.075044
vt 0.061038 0.069738
vt 0.061784 0.065469
vt 0.063716 0.062038
vt 0.544774 0.116825
vt 0.547762 0.112931
vt 0.551288 0.108720
vt 0.555963 0.104882
vt 0.560080 0.102144
vt 0.565991 0.098990
vt 0.571364 0.096351
vt 0.576461 0.094560
vt 0.549732 0.123979
vt 0.556320 0.116152
vt 0.560273 0.111818
vt 0.569845 0.105427
vt 0.579544 0.101163
vt 0.585719 0.099927
vt 0.584197 0.060264
vt 0.580806 0.088892
vt 0.587103 0.042640
vt 0.582659 0.073748
vt 0.585931 0.049670
vt 0.583291 0.067272
vt 0.582473 0.093220
vt 0.106117 0.016348
vt 0.103299 0.020476
vt 0.056224 0.073844
vt 0.057583 0.068367
vt 0.590595 0.108254
vt 0.584038 0.117196
vt 0.574973 0.124558
vt 0.561841 0.130011
vt 0.583585 0.107138
vt 0.578950 0.109911
vt 0.569664 0.115599
vt 0.565059 0.118473
vt 0.556737 0.131971
vt 0.560780 0.121385
vt 0.573967 0.113020
vt 0.575848 0.116314
vt 0.572420 0.120489
vt 0.567309 0.121581
vt 0.581730 0.080887
vt 0.588675 0.081016
vt 0.593794 0.080499
vt 0.076119 0.041993
vt 0.078480 0.045371
vt 0.081026 0.048983
vt 0.085802 0.054441
vt 0.089826 0.056190
vt 0.571981 0.078682
vt 0.575782 0.080232
vt 0.552262 0.063360
vt 0.557885 0.061643
vt 0.561468 0.059887
vt 0.109560 0.057912
vt 0.109753 0.063290
vt 0.109590 0.068310
vt 0.109030 0.073469
vt 0.108573 0.078269
vt 0.543730 0.065611
vt 0.547374 0.065068
vt 0.563081 0.077732
vt 0.557495 0.079557
vt 0.552187 0.080665
vt 0.547734 0.080969
vt 0.093693 0.077363
vt 0.093906 0.072772
vt 0.093933 0.068242
vt 0.093832 0.063258
vt 0.093811 0.057526
vt 0.567213 0.075630
vt 0.553628 0.047691
vt 0.556963 0.046188
vt 0.124371 0.058699
vt 0.122710 0.063688
vt 0.121673 0.068586
vt 0.121803 0.073663
vt 0.123029 0.078358
vt 0.540267 0.052008
vt 0.543471 0.051002
vt 0.548252 0.049647
vt 0.519467 0.077609
vt 0.523993 0.073086
vt 0.526250 0.070020
vt 0.114798 0.088135
vt 0.113495 0.093169
vt 0.111951 0.098203
vt 0.110089 0.103188
vt 0.107861 0.108137
vt 0.512101 0.083673
vt 0.514977 0.081556
vt 0.585051 0.054825
vt 0.579922 0.054139
vt 0.576762 0.053600
vt 0.105358 0.037003
vt 0.101571 0.034559
vt 0.096337 0.030576
vt 0.092192 0.027756
vt 0.088741 0.025647
vt 0.593983 0.056167
vt 0.590148 0.055663
vt 0.588253 0.035932
s 0
usemtl 
f 411/517/1 410/516/2 13/15/3 12/14/4
f 13/15/5 410/516/6 409/515/7 14/16/8
f 14/16/9 409/515/10 408/514/11 15/17/12
f 15/17/13 408/514/14 407/513/15 16/18/16
f 16/18/17 407/513/18 406/512/19 17/19/20
f 17/19/21 406/512/22 405/511/23 18/20/24
f 18/20/25 405/511/26 404/510/27 19/21/28
f 412/519/29 411/518/30 12/13/31 22/24/32
f 293/373/33 24/27/34 23/25/35 294/374/36
f 25/29/37 295/375/38 294/374/39 23/25/40
f 26/32/41 296/376/42 295/375/43 25/29/44
f 24/27/45 293/373/46 292/372/47 27/33/48
f 300/381/49 299/379/50 31/42/51 30/40/52
f 299/380/53 298/378/54 32/45/55 31/43/56
f 32/45/57 298/378/58 297/377/59 33/49/60
f 15/17/61 296/376/62 297/377/63 14/16/64
f 528/646/65 320/405/66 323/408/67 529/647/68
f 535/655/69 324/409/70 320/405/71 528/646/72
f 242/314/73 241/313/74 39/55/75 38/54/76
f 241/313/77 248/322/78 40/56/79 39/55/80
f 305/386/81 71/87/82 70/86/83 306/387/84
f 74/90/85 330/415/86 329/414/87 75/91/88
f 73/89/89 331/416/90 330/415/91 74/90/92
f 113/141/93 46/62/94 45/61/95 114/142/96
f 113/141/97 120/150/98 47/63/99 46/62/100
f 504/616/101 333/418/102 334/419/103 505/617/104
f 511/625/105 336/421/106 333/418/107 504/616/108
f 202/260/109 58/74/110 57/73/111 203/261/112
f 202/260/113 201/259/114 59/75/115 58/74/116
f 81/97/117 80/96/118 382/483/119 61/77/120
f 382/483/121 80/96/122 79/95/123 383/484/124
f 397/501/125 65/81/126 64/80/127 396/500/128
f 397/501/129 398/502/130 66/82/131 65/81/132
f 156/200/133 155/199/134 68/84/135 67/83/136
f 305/386/137 42/58/138 72/88/139 71/87/140
f 71/87/141 41/57/142 44/60/143 70/86/144
f 75/91/145 327/412/146 326/411/147 74/90/148
f 74/90/149 326/411/150 328/413/151 73/89/152
f 78/94/153 389/491/154 388/490/155 77/93/156
f 77/93/157 388/490/158 390/492/159 76/92/160
f 62/78/161 60/76/162 80/96/163 81/97/164
f 80/96/165 60/76/166 63/79/167 79/95/168
f 82/98/169 93/109/170 94/110/171 84/100/172
f 309/390/173 93/109/174 92/108/175 310/391/176
f 90/106/177 346/431/178 345/430/179 91/107/180
f 89/105/181 347/432/182 346/431/183 90/106/184
f 117/146/185 87/103/186 86/102/187 118/147/188
f 117/146/189 116/145/190 88/104/191 87/103/192
f 91/107/193 343/428/194 342/427/195 90/106/196
f 90/106/197 342/427/198 344/429/199 89/105/200
f 93/109/201 309/390/202 83/99/203 94/110/204
f 70/86/205 44/60/206 96/113/207 95/111/208
f 84/100/209 94/110/210 95/112/211 96/114/212
f 70/86/213 95/111/214 311/392/215 306/387/216
f 95/112/217 94/110/218 83/99/219 311/393/220
f 73/89/221 328/413/222 348/433/223 97/115/224
f 97/116/225 348/434/226 343/428/227 91/107/228
f 97/115/229 349/435/230 331/416/231 73/89/232
f 91/107/233 345/430/234 349/436/235 97/116/236
f 120/150/237 331/416/238 349/435/239 119/148/240
f 119/149/241 349/436/242 345/430/243 118/147/244
f 101/123/245 100/122/246 72/88/247 42/58/248
f 102/125/249 350/437/250 327/412/251 75/91/252
f 75/91/253 329/414/254 351/440/255 102/125/256
f 115/143/257 114/142/258 45/61/259 103/127/260
f 116/145/261 347/432/262 351/439/263 115/144/264
f 102/126/265 351/439/266 347/432/267 89/105/268
f 89/105/269 344/429/270 350/438/271 102/126/272
f 92/108/273 100/121/274 101/124/275 310/391/276
f 104/129/277 111/138/278 110/136/279 112/139/280
f 105/130/281 45/61/282 46/62/283 104/129/284
f 106/131/285 103/127/286 45/61/287 105/130/288
f 107/133/289 88/104/290 103/128/291 106/132/292
f 108/134/293 87/103/294 88/104/295 107/133/296
f 109/135/297 86/102/298 87/103/299 108/134/300
f 110/137/301 98/118/302 86/102/303 109/135/304
f 111/138/305 47/63/306 98/117/307 110/136/308
f 104/129/309 46/62/310 47/63/311 111/138/312
f 112/140/313 110/137/314 109/135/315 108/134/316
f 104/129/317 112/139/318 106/131/319 105/130/320
f 107/133/321 106/132/322 112/140/323 108/134/324
f 114/142/325 329/414/326 330/415/327 113/141/328
f 113/141/329 330/415/330 331/416/331 120/150/332
f 118/147/333 345/430/334 346/431/335 117/146/336
f 117/146/337 346/431/338 347/432/339 116/145/340
f 98/117/341 47/63/342 120/150/343 119/148/344
f 86/102/345 98/118/346 119/149/347 118/147/348
f 115/143/349 351/440/350 329/414/351 114/142/352
f 115/144/353 103/128/354 88/104/355 116/145/356
f 65/81/357 128/161/358 127/159/359 64/80/360
f 129/163/361 128/161/362 65/81/363 66/82/364
f 130/165/365 127/160/366 128/162/367 131/166/368
f 128/162/369 129/164/370 132/167/371 131/166/372
f 398/502/373 76/92/374 133/168/375 399/503/376
f 76/92/377 390/492/378 391/493/379 133/168/380
f 400/505/381 399/504/382 133/169/383 134/170/384
f 133/169/385 391/494/386 392/495/387 134/170/388
f 135/171/389 384/485/390 383/484/391 79/95/392
f 384/486/393 135/172/394 136/173/395 385/487/396
f 63/79/397 137/174/398 135/171/399 79/95/400
f 135/172/401 137/175/402 138/176/403 136/173/404
f 139/177/405 401/506/406 400/505/407 134/170/408
f 134/170/409 392/495/410 393/496/411 139/177/412
f 140/178/413 386/488/414 385/487/415 136/173/416
f 141/179/417 140/178/418 136/173/419 138/176/420
f 402/507/421 401/506/422 139/177/423 142/180/424
f 139/177/425 393/496/426 394/497/427 142/180/428
f 143/181/429 387/489/430 386/488/431 140/178/432
f 144/182/433 143/181/434 140/178/435 141/179/436
f 403/508/437 396/500/438 64/80/439 127/159/440
f 403/509/441 402/507/442 142/180/443 145/183/444
f 145/184/445 395/498/446 389/491/447 78/94/448
f 142/180/449 394/497/450 395/499/451 145/183/452
f 61/77/453 146/185/454 147/188/455 81/97/456
f 143/181/457 147/187/458 146/186/459 387/489/460
f 159/204/461 158/202/462 148/189/463 149/191/464
f 150/192/465 160/205/466 159/204/467 149/191/468
f 151/193/469 161/206/470 160/205/471 150/192/472
f 152/195/473 147/187/474 143/181/475 144/182/476
f 81/97/477 147/188/478 152/194/479 62/78/480
f 154/197/481 155/199/482 62/78/483 152/194/484
f 60/76/485 62/78/486 155/199/487 156/200/488
f 157/201/489 63/79/490 60/76/491 156/200/492
f 137/174/493 63/79/494 157/201/495 158/203/496
f 138/176/497 137/175/498 158/202/499 159/204/500
f 160/205/501 141/179/502 138/176/503 159/204/504
f 161/206/505 144/182/506 141/179/507 160/205/508
f 153/196/509 68/84/510 155/199/511 154/197/512
f 124/155/513 125/157/514 153/196/515 154/197/516
f 152/195/517 126/158/518 124/156/519 154/198/520
f 126/158/521 152/195/522 144/182/523 161/206/524
f 238/309/525 237/308/526 312/394/527 166/211/528
f 312/394/529 237/308/530 236/307/531 313/395/532
f 532/651/533 356/445/534 355/444/535 533/652/536
f 531/650/537 357/446/538 356/445/539 532/651/540
f 245/318/541 170/215/542 169/214/543 246/319/544
f 245/318/545 244/317/546 171/216/547 170/215/548
f 212/273/549 517/632/550 516/631/551 213/274/552
f 219/282/553 518/633/554 517/632/555 212/273/556
f 361/450/557 509/622/558 508/621/559 362/451/560
f 362/451/561 508/621/562 507/620/563 363/452/564
f 198/255/565 176/221/566 175/220/567 199/256/568
f 198/255/569 205/264/570 177/222/571 176/221/572
f 316/398/573 365/454/574 371/461/575 189/237/576
f 317/399/577 373/465/578 366/455/579 183/228/580
f 205/264/581 204/262/582 193/245/583 177/222/584
f 204/263/585 521/637/586 520/636/587 203/261/588
f 506/618/589 505/617/590 334/419/591 374/467/592
f 363/452/593 507/620/594 506/619/595 374/468/596
f 218/280/597 519/634/598 518/633/599 219/282/600
f 195/250/601 193/246/602 57/73/603 58/74/604
f 177/222/605 193/245/606 195/249/607 176/221/608
f 175/220/609 176/221/610 195/249/611 196/251/612
f 58/74/613 59/75/614 196/252/615 195/250/616
f 200/257/617 199/256/618 175/220/619 196/251/620
f 201/259/621 526/644/622 525/643/623 200/258/624
f 510/623/625 509/622/626 361/450/627 376/471/628
f 511/625/629 510/624/630 376/472/631 336/421/632
f 214/276/633 515/629/634 514/628/635 215/277/636
f 203/261/637 520/636/638 527/645/639 202/260/640
f 202/260/641 527/645/642 526/644/643 201/259/644
f 199/256/645 524/641/646 523/640/647 198/255/648
f 198/255/649 523/640/650 522/639/651 205/264/652
f 205/264/653 522/639/654 521/638/655 204/262/656
f 57/73/657 193/246/658 204/263/659 203/261/660
f 200/257/661 525/642/662 524/641/663 199/256/664
f 200/258/665 196/252/666 59/75/667 201/259/668
f 314/396/669 499/610/670 498/609/671 190/239/672
f 318/401/673 502/613/674 501/612/675 182/227/676
f 216/278/677 513/627/678 512/626/679 217/279/680
f 215/277/681 514/628/682 513/627/683 216/278/684
f 519/635/685 218/281/686 217/279/687 512/626/688
f 213/274/689 516/631/690 515/630/691 214/275/692
f 239/310/693 238/309/694 166/211/695 319/404/696
f 534/654/697 379/478/697 324/409/698 535/655/699
f 231/300/700 378/476/701 353/442/702 230/299/703
f 248/322/704 247/320/705 221/285/706 40/56/707
f 247/321/708 379/477/709 355/444/710 246/319/711
f 243/315/712 380/479/713 323/408/714 242/314/715
f 171/216/716 244/317/717 243/316/718 222/288/719
f 227/295/720 381/481/721 322/407/722 226/294/723
f 530/649/724 380/480/725 357/446/726 531/650/727
f 313/395/728 236/307/729 235/305/730 223/290/731
f 226/294/732 322/407/733 321/406/734 225/293/735
f 225/293/736 321/406/737 325/410/738 232/302/739
f 230/299/740 353/442/741 352/441/742 229/298/743
f 229/298/744 352/441/745 354/443/746 228/297/747
f 232/302/748 325/410/749 378/475/750 231/301/751
f 533/652/752 355/444/753 379/477/754 534/653/755
f 529/647/756 323/408/757 380/479/758 530/648/759
f 228/297/760 354/443/761 381/482/762 227/296/763
f 303/384/764 34/50/765 234/304/766 233/303/767
f 240/312/768 304/385/769 303/384/770 233/303/771
f 319/403/772 304/385/773 240/312/774 239/311/775
f 34/50/776 223/289/777 235/306/778 234/304/779
f 242/314/780 323/408/781 320/405/782 241/313/783
f 241/313/784 320/405/785 324/409/786 248/322/787
f 246/319/788 355/444/789 356/445/790 245/318/791
f 245/318/792 356/445/793 357/446/794 244/317/795
f 248/322/796 324/409/797 379/478/798 247/320/799
f 246/319/800 169/214/801 221/286/802 247/321/803
f 38/54/804 222/287/805 243/315/806 242/314/807
f 244/317/808 357/446/809 380/480/810 243/316/811
f 38/54/812 39/55/813 249/323/814 222/287/815
f 40/56/816 221/285/817 249/323/818 39/55/819
f 169/214/820 170/215/821 249/324/822 221/286/823
f 171/216/824 222/288/825 249/324/826 170/215/827
f 153/196/828 270/347/829 271/348/830 68/84/831
f 164/209/832 150/192/833 149/191/834 280/359/835
f 164/209/836 280/359/837 281/360/838 256/332/839
f 256/332/840 281/360/841 282/361/842 257/333/843
f 274/351/844 284/363/845 283/362/846 273/350/847
f 283/362/848 284/363/849 25/30/850 23/26/851
f 285/364/852 284/363/853 274/351/854 275/352/855
f 285/364/856 26/31/857 25/30/858 284/363/859
f 286/365/860 285/364/861 275/352/862 276/354/863
f 286/365/864 33/47/865 26/31/866 285/364/867
f 287/367/868 286/366/869 276/353/870 277/355/871
f 33/48/872 286/366/873 287/367/874 32/46/875
f 288/368/876 287/367/877 277/355/878 258/334/879
f 32/46/880 287/367/881 288/368/882 31/44/883
f 31/44/884 290/370/885 289/369/886 30/41/887
f 282/361/888 290/370/889 31/44/890 288/368/891
f 281/360/892 289/369/893 290/370/894 282/361/895
f 282/361/896 288/368/897 258/334/898 257/333/899
f 291/371/900 272/349/901 273/350/902 283/362/903
f 23/26/904 24/28/905 291/371/906 283/362/907
f 272/349/908 291/371/909 271/348/910 270/347/911
f 27/34/912 271/348/913 291/371/914 24/28/915
f 294/374/916 17/19/917 18/20/918 293/373/919
f 295/375/920 16/18/921 17/19/922 294/374/923
f 15/17/924 16/18/925 295/375/926 296/376/927
f 293/373/928 18/20/929 19/21/930 292/372/931
f 22/24/932 12/13/933 299/379/934 300/381/935
f 12/14/936 13/15/937 298/378/938 299/380/939
f 298/378/940 13/15/941 14/16/942 297/377/943
f 296/376/944 26/32/945 33/49/946 297/377/947
f 42/58/948 305/386/949 326/411/950 327/412/951
f 305/386/952 306/387/953 328/413/954 326/411/955
f 83/99/956 309/390/957 342/427/958 343/428/959
f 309/390/960 310/391/961 344/429/962 342/427/963
f 306/387/964 311/392/965 348/433/966 328/413/967
f 311/393/968 83/99/969 343/428/970 348/434/971
f 101/123/972 42/58/973 327/412/974 350/437/975
f 166/211/976 312/394/977 352/441/978 353/442/979
f 312/394/980 313/395/981 354/443/982 352/441/983
f 304/385/984 319/403/985 378/475/986 325/410/987
f 319/404/988 166/211/989 353/442/990 378/476/991
f 321/406/992 322/407/993 34/50/994 303/384/995
f 325/410/996 321/406/997 303/384/998 304/385/999
f 350/438/1000 344/429/1001 310/391/1002 101/124/1003
f 542/663/1004 541/662/1005 316/398/1006 189/237/1007
f 371/461/1008 365/454/1009 314/396/1010 190/239/1011
f 539/660/1012 538/659/1013 317/399/1014 183/228/1015
f 366/455/1016 373/465/1017 318/401/1018 182/227/1019
f 322/407/1020 381/481/1021 223/289/1022 34/50/1023
f 381/482/1024 354/443/1025 313/395/1026 223/290/1027
f 61/77/1028 382/483/1029 388/490/1030 389/491/1031
f 382/483/1032 383/484/1033 390/492/1034 388/490/1035
f 391/493/1036 390/492/1037 383/484/1038 384/485/1039
f 392/495/1040 391/494/1041 384/486/1042 385/487/1043
f 393/496/1044 392/495/1045 385/487/1046 386/488/1047
f 394/497/1048 393/496/1049 386/488/1050 387/489/1051
f 389/491/1052 395/498/1053 146/185/1053 61/77/1054
f 395/499/1055 394/497/1056 387/489/1057 146/186/1058
f 78/94/1059 77/93/1060 397/501/1061 396/500/1062
f 77/93/1063 76/92/1064 398/502/1065 397/501/1066
f 399/503/1067 129/163/1068 66/82/1069 398/502/1070
f 132/167/1071 129/164/1072 399/504/1073 400/505/1074
f 401/506/1075 131/166/1076 132/167/1077 400/505/1078
f 130/165/1079 131/166/1080 401/506/1081 402/507/1082
f 145/184/1083 78/94/1084 396/500/1085 403/508/1086
f 127/160/1087 130/165/1088 402/507/1089 403/509/1090
f 11/11/1091 10/10/1092 410/516/1093 411/517/1094
f 410/516/1095 10/10/1096 9/9/1097 409/515/1098
f 409/515/1099 9/9/1100 8/8/1101 408/514/1102
f 408/514/1103 8/8/1104 7/7/1105 407/513/1106
f 407/513/1107 7/7/1108 6/6/1109 406/512/1110
f 406/512/1111 6/6/1112 5/5/1113 405/511/1114
f 405/511/1115 5/5/1116 4/4/1117 404/510/1118
f 3/3/1119 11/12/1120 411/518/1121 412/519/1122
f 72/88/1123 43/59/1124 41/57/1125 71/87/1126
f 168/213/1127 224/291/1128 235/305/1129 236/307/1130
f 174/219/1131 194/247/1132 218/280/1133 219/282/1134
f 302/383/1135 28/35/1136 27/33/1137 292/372/1138
f 20/22/1139 302/383/1140 292/372/1141 19/21/1142
f 1/1/1143 414/521/1144 404/510/1145 4/4/1146
f 414/521/1147 20/22/1148 19/21/1149 404/510/1150
f 69/85/1151 148/190/1152 158/203/1153 157/201/1154
f 271/348/1155 278/356/1156 67/83/1157 68/84/1158
f 28/36/1159 278/356/1160 271/348/1161 27/34/1162
f 413/520/1163 422/529/1164 420/527/1165 2/2/1166
f 420/527/1167 422/529/1168 414/521/1169 1/1/1170
f 413/520/1171 412/519/1172 22/24/1173 21/23/1174
f 422/529/1175 413/520/1176 21/23/1177 421/528/1178
f 413/520/1179 2/2/1180 3/3/1181 412/519/1182
f 422/529/1183 421/528/1184 20/22/1185 414/521/1186
f 301/382/1187 424/532/1188 421/528/1189 21/23/1190
f 421/528/1191 424/532/1192 302/383/1193 20/22/1194
f 279/357/1195 289/369/1196 281/360/1197 280/359/1198
f 301/382/1199 300/381/1200 30/40/1201 29/37/1202
f 424/532/1203 301/382/1204 29/37/1205 423/530/1206
f 301/382/1207 21/23/1208 22/24/1209 300/381/1210
f 424/532/1211 423/530/1212 28/35/1213 302/383/1214
f 279/357/1215 280/359/1216 149/191/1217 148/189/1218
f 279/357/1219 29/38/1220 30/41/1221 289/369/1222
f 423/531/1223 425/533/1224 278/356/1225 28/36/1226
f 67/83/1227 69/85/1228 157/201/1229 156/200/1230
f 425/533/1231 69/85/1232 67/83/1233 278/356/1234
f 69/85/1235 425/533/1236 279/358/1237 148/190/1238
f 279/358/1239 425/533/1240 423/531/1241 29/39/1242
f 82/98/1243 85/101/1244 92/108/1245 93/109/1246
f 85/101/1247 99/119/1248 100/121/1249 92/108/1250
f 220/283/1251 167/212/1252 238/309/1253 239/310/1254
f 85/101/1255 167/212/1256 220/283/1257 99/119/1258
f 167/212/1259 165/210/1260 237/308/1261 238/309/1262
f 165/210/1263 168/213/1264 236/307/1265 237/308/1266
f 172/217/1267 174/219/1268 219/282/1269 212/273/1270
f 174/219/1271 181/226/1272 192/243/1273 194/247/1274
f 122/153/1275 125/157/1276 124/155/1277 121/151/1278
f 126/158/1279 123/154/1280 121/152/1281 124/156/1282
f 151/193/1283 123/154/1284 126/158/1285 161/206/1286
f 180/225/1287 436/546/1288 435/544/1289 191/242/1290
f 435/544/1291 436/546/1292 252/328/1293 251/326/1294
f 437/547/1295 431/540/1296 44/60/1297 41/57/1298
f 433/542/1299 439/549/1300 85/101/1301 82/98/1302
f 439/549/1303 440/550/1304 167/212/1305 85/101/1306
f 440/550/1307 441/551/1308 165/210/1309 167/212/1310
f 441/551/1311 442/552/1312 168/213/1313 165/210/1314
f 444/554/1315 445/555/1316 174/219/1317 172/217/1318
f 445/555/1319 446/556/1320 181/226/1321 174/219/1322
f 432/541/1323 123/154/1324 162/207/1325 433/542/1326
f 431/540/1327 430/538/1328 96/113/1329 44/60/1330
f 430/539/1331 432/541/1332 84/100/1333 96/114/1334
f 121/151/1335 430/538/1336 431/540/1337 122/153/1338
f 432/541/1339 430/539/1340 121/152/1341 123/154/1342
f 432/541/1343 433/542/1344 82/98/1345 84/100/1346
f 257/333/1347 254/330/1348 253/329/1349 256/332/1350
f 151/193/1351 163/208/1352 162/207/1353 123/154/1354
f 164/209/1355 163/208/1356 151/193/1357 150/192/1358
f 253/329/1359 163/208/1360 164/209/1361 256/332/1362
f 426/534/1363 439/549/1364 433/542/1365 162/207/1366
f 419/526/1367 440/550/1368 439/549/1369 426/534/1370
f 447/557/1371 426/534/1372 162/207/1373 163/208/1374
f 418/525/1375 441/551/1376 440/550/1377 419/526/1378
f 445/555/1379 429/537/1380 416/523/1381 446/556/1382
f 429/537/1383 445/555/1384 444/554/1385 417/524/1386
f 456/566/1387 429/537/1388 417/524/1389 455/565/1390
f 451/561/1391 452/562/1392 418/525/1393 419/526/1394
f 447/557/1395 451/561/1396 419/526/1397 426/534/1398
f 427/535/1399 442/552/1400 441/551/1401 418/525/1402
f 454/564/1403 428/536/1404 427/535/1405 453/563/1406
f 443/553/1407 428/536/1408 417/524/1409 444/554/1410
f 428/536/1411 443/553/1412 442/552/1413 427/535/1414
f 224/292/1415 36/52/1416 234/304/1417 235/306/1418
f 443/553/1419 173/218/1420 168/213/1421 442/552/1422
f 173/218/1423 172/217/1424 212/273/1425 213/274/1426
f 197/253/1427 173/218/1428 213/274/1429 214/275/1430
f 173/218/1431 443/553/1432 444/554/1433 172/217/1434
f 173/218/1435 197/253/1436 224/291/1437 168/213/1438
f 194/248/1439 49/65/1440 217/279/1441 218/281/1442
f 49/65/1443 48/64/1444 216/278/1445 217/279/1446
f 50/66/1447 215/277/1448 216/278/1449 48/64/1450
f 50/66/1451 197/254/1452 214/276/1453 215/277/1454
f 50/66/1455 36/52/1456 224/292/1457 197/254/1458
f 36/52/1459 35/51/1460 233/303/1461 234/304/1462
f 37/53/1463 240/312/1464 233/303/1465 35/51/1466
f 37/53/1467 220/284/1468 239/311/1469 240/312/1470
f 99/120/1471 43/59/1472 72/88/1473 100/122/1474
f 37/53/1475 43/59/1476 99/120/1477 220/284/1478
f 37/53/1479 458/568/1480 457/567/1481 43/59/1482
f 49/65/1483 463/573/1484 462/572/1485 48/64/1486
f 437/547/1487 264/341/1488 122/153/1489 431/540/1490
f 54/70/1491 49/65/1492 194/248/1493 192/244/1494
f 209/269/1495 340/425/1496 372/463/1497 208/267/1498
f 209/269/1499 208/267/1500 186/232/1501 56/72/1502
f 341/426/1503 373/466/1504 317/400/1505 307/388/1506
f 318/402/1507 308/389/1508 503/615/1509 502/614/1510
f 341/426/1511 308/389/1512 318/402/1513 373/466/1514
f 543/665/1515 542/664/1516 189/238/1517 51/67/1518
f 184/229/1519 186/231/1520 208/268/1521 207/266/1522
f 367/456/1523 207/266/1524 208/268/1525 372/464/1526
f 471/581/1527 476/586/1528 341/426/1529 307/388/1530
f 371/462/1531 339/424/1532 51/67/1533 189/238/1534
f 51/67/1535 339/424/1536 476/586/1537 471/581/1538
f 308/389/1539 474/584/1540 496/606/1541 503/615/1542
f 497/607/1543 52/68/1544 190/240/1545 498/608/1546
f 496/606/1547 474/584/1548 52/68/1549 497/607/1550
f 211/271/1551 210/270/1552 55/71/1553 188/236/1554
f 473/583/1555 475/585/1556 340/425/1557 209/269/1558
f 211/271/1559 370/460/1560 338/423/1561 210/270/1562
f 210/270/1563 338/423/1564 475/585/1565 473/583/1566
f 476/586/1567 339/424/1568 52/68/1569 474/584/1570
f 538/658/1571 537/657/1572 307/388/1573 317/400/1574
f 537/657/1575 536/656/1576 471/581/1577 307/388/1578
f 471/581/1579 536/656/1580 543/665/1581 51/67/1582
f 476/586/1583 474/584/1584 308/389/1585 341/426/1586
f 52/68/1587 339/424/1588 371/462/1589 190/240/1590
f 435/545/1591 434/543/1592 53/69/1593 191/241/1594
f 250/325/1595 434/543/1596 435/545/1597 251/327/1598
f 434/543/1599 477/587/1600 472/582/1601 53/69/1602
f 54/70/1603 464/574/1604 463/573/1605 49/65/1606
f 464/574/1607 54/70/1608 472/582/1609 477/587/1610
f 460/570/1611 36/52/1612 50/66/1613 461/571/1614
f 48/64/1615 462/572/1616 461/571/1617 50/66/1618
f 35/51/1619 459/569/1620 458/568/1621 37/53/1622
f 459/569/1623 35/51/1624 36/52/1625 460/570/1626
f 457/567/1627 437/547/1628 41/57/1629 43/59/1630
f 211/272/1631 206/265/1632 369/458/1633 370/459/1634
f 206/265/1635 211/272/1636 188/235/1637 185/230/1638
f 367/456/1639 368/457/1640 479/589/1641 207/266/1642
f 478/588/1643 187/233/1644 186/231/1645 184/229/1646
f 187/233/1647 478/588/1648 185/230/1649 188/235/1650
f 479/589/1651 478/588/1652 184/229/1653 207/266/1654
f 185/230/1655 478/588/1656 479/589/1657 206/265/1658
f 206/265/1659 479/589/1660 368/457/1661 369/458/1662
f 540/661/1663 315/397/1664 316/398/1665 541/662/1666
f 315/397/1667 364/453/1668 365/454/1669 316/398/1670
f 315/397/1671 540/661/1672 539/660/1673 183/228/1674
f 366/455/1675 364/453/1676 315/397/1677 183/228/1678
f 179/224/1679 364/453/1680 366/455/1681 182/227/1682
f 364/453/1683 179/224/1684 314/396/1685 365/454/1686
f 314/396/1687 179/224/1688 500/611/1689 499/610/1690
f 501/612/1691 500/611/1692 179/224/1693 182/227/1694
f 178/223/1695 438/548/1696 436/546/1697 180/225/1698
f 438/548/1699 178/223/1700 181/226/1701 446/556/1702
f 259/335/1703 277/355/1704 276/353/1705 260/336/1706
f 259/335/1707 260/336/1708 251/326/1709 252/328/1710
f 456/566/1711 450/560/1712 416/523/1713 429/537/1714
f 258/334/1715 255/331/1716 254/330/1717 257/333/1718
f 259/335/1719 255/331/1720 258/334/1721 277/355/1722
f 415/522/1723 255/331/1724 259/335/1725 252/328/1726
f 255/331/1727 415/522/1728 416/523/1729 450/560/1730
f 438/548/1731 415/522/1732 252/328/1733 436/546/1734
f 415/522/1735 438/548/1736 446/556/1737 416/523/1738
f 428/536/1739 454/564/1740 455/565/1741 417/524/1742
f 453/563/1743 427/535/1744 418/525/1745 452/562/1746
f 448/558/1747 447/557/1748 163/208/1749 253/329/1750
f 448/558/1751 452/562/1752 451/561/1753 447/557/1754
f 448/558/1755 480/590/1756 453/563/1757 452/562/1758
f 449/559/1759 448/558/1760 253/329/1761 254/330/1762
f 450/560/1763 449/559/1764 254/330/1765 255/331/1766
f 449/559/1767 481/591/1768 480/590/1769 448/558/1770
f 455/565/1771 449/559/1772 450/560/1773 456/566/1774
f 481/591/1775 449/559/1776 455/565/1777 454/564/1778
f 481/591/1779 454/564/1780 453/563/1781 480/590/1782
f 273/350/1783 267/344/1784 266/343/1785 274/351/1786
f 272/349/1787 268/345/1788 267/344/1789 273/350/1790
f 470/580/1791 477/587/1792 434/543/1793 250/325/1794
f 469/579/1795 464/574/1796 477/587/1797 470/580/1798
f 261/338/1799 463/573/1800 464/574/1801 469/579/1802
f 262/339/1803 461/571/1804 462/572/1805 468/578/1806
f 457/567/1807 465/575/1808 264/341/1809 437/547/1810
f 465/575/1811 457/567/1812 458/568/1813 263/340/1814
f 490/600/1815 269/346/1816 264/341/1817 465/575/1818
f 269/346/1819 125/157/1820 122/153/1821 264/341/1822
f 270/347/1823 269/346/1824 268/345/1825 272/349/1826
f 269/346/1827 270/347/1828 153/196/1829 125/157/1830
f 467/577/1831 460/570/1832 461/571/1833 262/339/1834
f 459/569/1835 466/576/1836 263/340/1837 458/568/1838
f 466/576/1839 459/569/1840 460/570/1841 467/577/1842
f 485/595/1843 490/600/1844 465/575/1845 263/340/1846
f 492/602/1847 468/578/1848 261/338/1849 487/597/1850
f 468/578/1851 462/572/1852 463/573/1853 261/338/1854
f 482/592/1855 486/596/1856 469/579/1857 470/580/1858
f 486/596/1859 487/597/1860 261/338/1861 469/579/1862
f 260/337/1863 265/342/1864 250/325/1865 251/327/1866
f 265/342/1867 482/592/1868 470/580/1869 250/325/1870
f 275/352/1871 265/342/1872 260/337/1873 276/354/1874
f 265/342/1875 275/352/1876 274/351/1877 266/343/1878
f 486/596/1879 482/592/1880 483/593/1881 487/597/1882
f 266/343/1883 483/593/1884 482/592/1885 265/342/1886
f 267/344/1887 484/594/1888 483/593/1889 266/343/1890
f 492/602/1891 488/598/1892 262/339/1893 468/578/1894
f 489/599/1895 467/577/1896 262/339/1897 488/598/1898
f 467/577/1899 489/599/1900 491/601/1901 466/576/1902
f 491/601/1903 485/595/1904 263/340/1905 466/576/1906
f 268/345/1907 485/595/1908 484/594/1909 267/344/1910
f 490/600/1911 485/595/1912 268/345/1913 269/346/1914
f 495/605/1915 485/595/1916 491/601/1917 489/599/1918
f 483/593/1919 493/603/1920 492/602/1921 487/597/1922
f 493/603/1923 494/604/1924 488/598/1925 492/602/1926
f 494/604/1927 493/603/1928 483/593/1929 484/594/1930
f 495/605/1931 494/604/1932 484/594/1933 485/595/1934
f 494/604/1935 495/605/1936 489/599/1937 488/598/1938
f 472/582/1939 496/606/1940 497/607/1941 53/69/1942
f 53/69/1943 497/607/1944 498/608/1945 191/241/1946
f 499/610/1947 180/225/1948 191/242/1949 498/609/1950
f 500/611/1951 178/223/1952 180/225/1953 499/610/1954
f 181/226/1955 178/223/1956 500/611/1957 501/612/1958
f 502/613/1959 192/243/1960 181/226/1961 501/612/1962
f 503/615/1963 54/70/1964 192/244/1965 502/614/1966
f 496/606/1967 472/582/1968 54/70/1969 503/615/1970
f 332/417/1971 504/616/1972 505/617/1973 335/420/1974
f 375/470/1975 335/420/1976 505/617/1977 506/618/1978
f 507/620/1979 360/449/1980 375/469/1981 506/619/1982
f 508/621/1983 358/447/1984 360/449/1985 507/620/1986
f 509/622/1987 359/448/1988 358/447/1989 508/621/1990
f 377/474/1991 359/448/1992 509/622/1993 510/623/1994
f 337/422/1995 377/473/1996 510/624/1996 511/625/1997
f 332/417/1998 337/422/1999 511/625/2000 504/616/2001
f 513/627/2002 332/417/2003 335/420/2004 512/626/2005
f 514/628/2006 337/422/2007 332/417/2008 513/627/2009
f 515/629/2010 377/473/2010 337/422/2011 514/628/2012
f 516/631/2013 359/448/2014 377/474/2015 515/630/2015
f 517/632/2016 358/447/2017 359/448/2018 516/631/2019
f 518/633/2020 360/449/2021 358/447/2022 517/632/2023
f 519/634/2024 375/469/2025 360/449/2026 518/633/2027
f 335/420/2028 375/470/2029 519/635/2030 512/626/2031
f 521/637/2032 374/467/2032 334/419/2033 520/636/2034
f 522/639/2035 363/452/2036 374/468/2037 521/638/2038
f 523/640/2039 362/451/2040 363/452/2041 522/639/2042
f 524/641/2043 361/450/2044 362/451/2045 523/640/2046
f 525/642/2047 376/471/2048 361/450/2049 524/641/2050
f 526/644/2051 336/421/2052 376/472/2053 525/643/2054
f 527/645/2055 333/418/2056 336/421/2057 526/644/2058
f 520/636/2059 334/419/2060 333/418/2061 527/645/2062
f 225/293/2063 528/646/2064 529/647/2065 226/294/2066
f 226/294/2067 529/647/2068 530/648/2069 227/295/2070
f 227/296/2071 530/649/2072 531/650/2073 228/297/2074
f 228/297/2075 531/650/2076 532/651/2077 229/298/2078
f 229/298/2079 532/651/2080 533/652/2081 230/299/2082
f 230/299/2083 533/652/2084 534/653/2085 231/300/2086
f 231/301/2087 534/654/2088 535/655/2089 232/302/2090
f 232/302/2091 535/655/2092 528/646/2093 225/293/2094
f 340/425/2095 475/585/2096 536/656/2097 537/657/2098
f 372/463/2099 340/425/2100 537/657/2101 538/658/2102
f 367/456/2103 372/464/2104 538/659/2105 539/660/2106
f 540/661/2107 368/457/2108 367/456/2109 539/660/2110
f 368/457/2111 540/661/2112 541/662/2113 369/458/2114
f 370/459/2115 369/458/2116 541/662/2117 542/663/2118
f 338/423/2119 370/460/2120 542/664/2121 543/665/2122
f 536/656/2123 475/585/2124 338/423/2125 543/665/2126
f 210/270/2127 473/583/2128 544/666/2129 55/71/2130
f 473/583/2131 209/269/2132 56/72/2133 544/666/2134
f 187/234/2135 544/666/2136 56/72/2137 186/232/2138
f 188/236/2139 55/71/2140 544/666/2141 187/234/2142
